m/z;Intensity
150.0021;637.2
150.0088;19.7
150.0318;5
150.0563;5.4
150.061;5.2
150.0999;4.6
150.1876;5.5
150.2854;4.2
150.3776;3.7
150.3831;4.4
150.3989;4.1
150.4276;4.6
150.5661;5.1
150.5729;5.2
150.5828;4
150.5864;4.5
150.7166;4
150.7968;4
150.8298;27.7
150.9704;955.5
151.0036;4.3
151.0132;4
151.0399;952.2
151.0588;4.8
151.072;5.1
151.0764;166.8
151.2428;3.8
151.2756;5
151.3889;4.5
151.4967;3.8
151.5563;4.3
151.6496;4.5
151.6951;4.9
151.7055;4.7
151.796;23.7
151.9586;9.8
152.0352;608.1
152.0432;10.7
152.046;17.2
152.0604;4.4
152.0667;4.2
152.0868;4.6
152.0964;33.1
152.1912;16.7
152.3633;10.2
152.3973;4.1
152.4393;4.8
152.4759;5
152.5642;4.6
152.6179;4
152.6642;4.1
152.7143;5.2
152.8096;4.6
152.9047;4.2
152.986;1224.5
153.0063;13.1
153.0559;14.4
153.0765;4.6
153.0853;26.6
153.0919;78.5
153.1479;4.4
153.3189;23.5
153.3878;17.9
153.4588;4.4
153.4762;4.4
153.6212;4.7
153.6458;6.4
153.6574;4.3
153.6587;5.8
153.7138;36.9
153.7241;4.5
153.8629;4.8
153.88;4.7
153.9341;7.9
153.9918;4.4
154.1538;4.3
154.1727;4.7
154.2094;4.3
154.2293;3.8
154.2823;9.5
154.3364;4.8
154.3771;19.7
154.3844;4.5
154.5543;4.7
154.6409;19.5
154.6703;4.1
154.711;11.9
154.8479;5
154.9249;4.2
154.9775;4.3
155.0183;4.5
155.0498;4.2
155.0711;177.2
155.1076;238.4
155.2487;5.4
155.3701;41.6
155.6486;36.5
155.6873;4.8
155.7201;33.1
155.7633;5.2
155.7741;3.9
155.7926;4.2
155.8012;6.7
155.8535;4
155.8603;4.1
155.9293;42.2
155.9403;27.9
155.9994;6.8
156.009;4.2
156.0344;4.3
156.0611;4.6
156.0645;4.2
156.0712;4.7
156.0913;4.2
156.1111;4.5
156.1332;22.9
156.4421;4.3
156.5223;4.3
156.6711;5.1
156.7046;3.7
156.7837;4.2
156.8209;4.4
156.826;4.1
156.9164;4
156.9813;4
157.0125;27.3
157.0242;4.2
157.0369;5
157.0504;19.2
157.0757;4.1
157.0868;982.9
157.0942;3.9
157.1231;11528.3
157.1518;5.2
157.2175;5
157.2626;4.6
157.2921;10.4
157.337;3.9
157.3568;4.8
157.5616;4.2
157.5653;4.1
157.622;3.9
157.6443;4
157.6492;4.5
157.6888;4.2
157.7642;4.5
157.8449;4.7
157.8501;5.5
157.8948;4.5
158.0901;17.7
158.1066;16.3
158.1265;777.2
158.146;5.4
158.1859;4.3
158.47;5.6
158.4987;6.3
158.7021;5.5
158.8702;14.3
159.0082;4.3
159.0313;19
159.0668;27.3
159.0728;4.2
159.1024;15.4
159.1786;13.3
159.2206;3.9
159.2448;4.6
159.2843;5.2
159.4393;3.9
159.4501;3.9
159.4627;4.6
159.6447;4.5
159.65;4.1
159.6846;16.4
159.8689;4
159.9218;3.8
160.1512;21.9
160.1874;20.8
160.1962;4.4
160.2062;4.6
160.2549;5.5
160.2674;27.5
160.2784;4.3
160.2838;4.6
160.3739;4.4
160.3817;4.5
160.4095;4.2
160.4434;4.6
160.5261;4.6
160.5516;4.6
160.6115;4.2
160.7718;25.4
160.7791;4.1
160.8818;4
161.046;327.8
161.056;4.5
161.0607;3.8
161.1157;4.8
161.1734;4.4
161.2274;4.1
161.3496;4.5
161.4088;5
161.5142;4.3
161.5272;4.4
161.535;4.2
161.5729;5.1
161.5878;4.1
161.6515;41.1
161.67;4.2
161.7163;8.4
161.7657;4
161.7928;4.6
161.9028;4.6
161.9157;4
161.9895;18.8
161.9973;4
162.098;4.4
162.2673;39.1
162.285;3.9
162.3691;4.8
162.407;4
162.4893;4.1
162.5857;4.4
162.7574;4
162.7694;4.5
162.8159;4.9
162.9033;227.3
163.025;929.7
163.0758;7.7
163.0989;4.4
163.2533;24.6
163.3851;4.9
163.4622;4.3
163.5251;4.7
163.6053;4.3
163.6549;4.6
163.7055;5.1
163.8071;4
163.8712;4.1
164.0124;65
164.1583;4
164.1658;3.6
164.1687;4.8
164.1925;4
164.2331;4.6
164.2636;4.4
164.4198;4.1
164.4725;4
164.4838;5.8
164.5658;4.4
164.6394;4.2
164.9;357.5
164.9593;45.3
164.9864;352.7
165.0195;324.4
165.0408;531
165.0558;100.7
165.0743;4.5
165.0929;71.1
165.1673;4.3
165.1801;4.2
165.3315;6.5
165.484;4.4
165.4878;4.5
165.5432;4.8
165.5835;4.2
165.8581;4.2
165.9005;31.5
165.9301;4.4
165.9713;4.1
166.0051;5.3
166.0145;37.7
166.0402;40.6
166.0442;13.6
166.0507;207.7
166.0989;39.6
166.3344;4.6
166.3782;4.4
166.4075;6.6
166.4434;4.7
166.4559;3.9
166.8852;4.7
166.9656;314.9
167.002;1613.8
167.0198;4.9
167.035;668.8
167.0712;474.8
167.0823;22.2
167.1076;530
167.1139;4.9
167.3007;4.7
167.3859;3.8
167.6905;5.1
167.7117;4.7
167.8109;17.8
167.8153;42
167.8374;4.3
167.8668;4.6
167.9916;21.1
168.003;4.6
168.03;546.2
168.0577;3.8
168.0666;58.1
168.079;50.5
168.1814;4.6
168.2652;4.1
168.2735;4.2
168.3651;4
168.3692;4.5
168.4102;5
168.4709;5.8
168.6312;4.5
168.7198;4.1
168.7788;4.8
168.8047;54.3
168.8362;17939.8
168.843;60.4
168.8695;5.3
168.9316;41.1
168.9635;1036.7
168.9812;661.8
169.0043;4.3
169.0142;419
169.0506;557.4
169.0868;2488.2
169.1058;4.3
169.1231;1279.8
169.1283;4.3
169.1569;3.8
169.2085;3.8
169.2606;4
169.3362;4.3
169.3716;4.4
169.524;30.7
169.5506;4
169.8432;4.8
169.9096;4.7
169.9616;4.6
170.0043;9.1
170.0093;46.1
170.0279;225.5
170.0462;126.1
170.058;13.9
170.0901;84
170.1048;54.2
170.1265;31.6
170.1403;4.6
170.1674;4
170.1886;4.4
170.2699;4.8
170.2753;4
170.2769;5.3
170.2784;4.7
170.2869;35.4
170.3114;4.6
170.49;4.8
170.5156;17.8
170.5873;76.7
170.7031;4.3
170.7528;4.3
170.801;58.5
170.8227;50
170.826;172.6
170.8331;29456
170.8653;102
170.8785;9.4
170.9441;9.2
170.9617;15.2
170.9698;289.9
170.9746;4.4
170.9859;40.8
170.9936;260.4
170.9965;219.3
171.0298;551.6
171.0412;219.5
171.0661;1713.1
171.0728;4.3
171.0939;5
171.1024;5438.3
171.1387;49290.7
171.1455;268.1
171.1542;9.3
171.1561;9.3
171.1607;3.8
171.171;229.8
171.2361;155
171.2522;9.7
171.3851;4.4
171.4013;3.9
171.4216;4.7
171.4297;4.5
171.5039;9
171.5187;4.7
171.5256;5.2
171.5766;4.5
171.5819;4.3
171.6277;4.7
171.6991;4.2
171.7918;4.1
171.8342;1265
171.8984;4.9
172.0254;49.7
172.0614;55.9
172.0691;14.9
172.1056;348.8
172.142;4743
172.1838;4.5
172.3724;4.5
172.6556;14.7
172.6865;4.3
172.6965;3.6
172.6978;3.6
172.7027;5.1
172.73;4.5
172.7964;4.2
172.8301;13117.6
172.8375;64.2
172.8642;12.7
172.9094;3.9
172.9854;41.6
173.009;1089.8
173.0257;5
173.0455;1201.5
173.0817;1651.9
173.1179;439.8
173.1447;138.4
173.1542;5.6
173.2812;5.3
173.4234;4.2
173.4357;4
173.4738;4.4
173.4998;4.8
173.5372;4.2
173.7701;10.9
173.8025;37.1
173.8312;1366.7
173.9287;4.6
173.9407;4.3
174.0114;37.1
174.0406;204.3
174.0494;20.1
174.0774;36.6
174.0847;6.6
174.1215;46.3
174.1391;4.3
174.2922;4.1
174.6928;4.6
174.7193;6.7
174.826;1632.1
174.8292;5510.8
174.8734;35.8
174.9236;4.7
175.0246;1558.3
175.0394;5
175.061;521
175.097;5.7
175.1384;16.6
175.1595;4.6
175.1972;4.9
175.2546;4
175.2882;4.1
175.316;5
175.375;4.1
175.5343;4.7
175.5948;4.4
175.7351;4
175.7665;4.7
175.8282;359.5
175.8402;3.9
175.8656;17.4
176.0902;35.4
176.1267;4
176.4033;4.1
176.409;5.6
176.5096;4.6
176.5807;4.4
176.6194;4.4
176.6549;4.5
176.7508;5
176.7875;43.3
176.8261;1746.1
176.8364;33.7
176.9022;43.8
176.9267;140.7
176.9359;6367.4
176.9783;4.1
177.0223;74.5
177.0403;2532.5
177.0554;347.3
177.0917;2783.2
177.1969;4
177.2153;4.3
177.2315;8
177.2328;9.2
177.2429;4.5
177.5348;5.2
177.5702;4.4
177.6501;4.5
177.7499;4.4
177.7577;4
177.8317;4
177.853;5.3
178.0002;4.4
178.0233;4.7
178.0441;48
178.0702;4
178.0895;5.2
178.095;200.1
178.0995;205.9
178.138;5.1
178.3207;4.5
178.3316;4.3
178.4547;18.6
178.4991;4.3
178.5459;4.2
178.5721;18.9
178.6156;4.3
178.7055;21.9
178.7335;4.4
178.8231;135.1
178.8356;24.6
178.8582;4.2
178.9516;63.5
178.9652;81.8
179.0018;1406
179.0348;153.2
179.056;19550.4
179.0632;50.5
179.071;566
179.0862;4.1
179.0898;45.8
179.1073;364.5
179.1531;4.5
179.1707;5.6
179.1918;4.1
179.3655;4.9
179.4043;4.4
179.7353;4.3
179.8058;4.6
179.8099;4.6
179.8814;4.7
179.9972;8.3
180.0298;17.7
180.0485;4.7
180.0593;1068.8
180.0663;153
180.0786;18.2
180.2671;4.2
180.3153;3.9
180.3529;4.1
180.3971;3.9
180.5185;4.4
180.6737;4.1
180.7315;4.3
180.7443;3.8
180.9309;37.8
180.9726;4.8
180.9813;330.3
180.9905;277
181.0045;4.3
181.0103;182.5
181.0175;37138.2
181.0505;503.3
181.0605;42
181.067;9.7
181.0816;13.6
181.0868;686.7
181.123;96.7
181.1516;4.3
181.1709;4.7
181.2828;4.5
181.3731;4.8
181.4576;4.6
181.508;4.7
181.5105;5.4
181.5123;4.2
181.5446;4
181.7312;4.7
181.7768;4.9
181.8842;5.8
182.0094;72.7
182.0207;1790.2
182.0456;216.4
182.0946;6.1
182.2081;5.3
182.3159;4.2
182.3334;4.3
182.3673;4
182.3753;4.7
182.4265;4.2
182.5091;4.8
182.6122;4.7
182.6678;4.1
182.7443;4.1
182.8075;4.8
182.8973;4.4
182.958;47
182.9966;1394.8
183.0045;142
183.0121;2850.1
183.0216;140.7
183.0297;486.1
183.0566;4.6
183.0659;721.5
183.0825;4.7
183.0919;4.5
183.1023;2277.2
183.1386;473.1
183.2478;4.2
183.7751;4.7
183.9692;4.5
183.9815;4.8
184.0155;139.8
184.0251;41.8
184.0335;42.5
184.0613;62.9
184.0738;23.9
184.1055;104.9
184.2258;4.6
184.312;4.9
184.3289;4.5
184.4198;3.9
184.4472;4.1
184.5125;4.3
184.5603;4.2
184.6052;4.1
184.7107;5.5
184.9083;4.7
184.9658;4.8
184.9761;79
184.9854;100.5
184.9912;170.5
185.0091;337.1
185.0453;853.2
185.0566;231.7
185.0816;1640.4
185.0884;9.5
185.1179;1553.5
185.1543;6689.9
185.1654;4
185.3066;5.1
185.35;4.6
185.5;6.4
185.6184;4.6
185.6593;4.5
185.7011;27.2
185.8201;4.3
185.8585;4.5
186.0404;141.4
186.0771;130.8
186.0849;36.4
186.1212;29.8
186.1576;556.1
186.1671;4.8
186.2685;5.1
186.2838;4.4
186.3766;4.2
186.4408;4.2
186.6765;4.5
186.8042;4.8
186.8464;4.7
186.8639;4.3
186.9647;5376
186.9852;17.5
187.0245;751.4
187.0609;981
187.0973;2121.6
187.1335;233.9
187.1687;6.1
187.2319;4.4
187.2445;4.8
187.2969;12.8
187.6036;5.4
187.7606;4.4
187.9682;27.9
187.9848;7.9
188.0299;4.2
188.0352;7.1
188.0563;231.5
188.0855;3.8
188.0928;49.9
188.1005;9.2
188.1441;5.2
188.1885;5.2
188.226;4.3
188.3346;18.8
188.4263;4.9
188.4414;4.8
188.5273;4
188.5757;4.3
188.6671;814
188.8277;4.8
188.9272;4.8
188.9803;105.1
188.9992;189.3
189.0038;181.9
189.0085;44.6
189.0403;888.7
189.0767;302.1
189.0909;17
189.1935;5.3
189.265;4.6
189.4116;4.8
189.4316;4.3
189.4924;3.8
189.6442;4.9
189.8725;4.3
189.9296;8.9
190.0136;5
190.0673;5.1
190.1033;12.8
190.3298;4.3
190.4324;35.6
190.4363;4.4
190.5256;4.7
190.6192;4.4
190.6527;37.5
190.6734;4.7
190.7238;4.4
190.7929;4.4
190.8377;4.1
190.9591;4.2
190.9715;4.9
190.9823;12.3
190.9982;6.4
191.0195;19618.2
191.056;399.8
191.0709;86
191.0912;4.3
191.1073;299.2
191.3618;4.9
191.3648;5.9
191.3666;4.9
191.3992;5.2
191.4389;4.3
191.5283;4.4
191.5935;4.6
191.6042;39.5
191.7544;4.3
191.8622;4.2
192.0228;1081.3
192.0387;4.6
192.0576;4.1
192.0783;5.2
192.2304;4.7
192.2993;3.7
192.3017;3.7
192.3405;4.6
192.5301;4
192.6682;4.6
192.6987;4.9
192.8513;4.2
192.8898;4.4
192.9575;787.2
193.0174;69.1
193.0239;137.2
193.0352;497.8
193.0504;145
193.0716;700.7
193.0868;356.2
193.0992;5.5
193.118;5
193.1209;4.8
193.1234;5.4
193.1657;4.5
193.1784;38.9
193.1847;3.9
193.2607;11.9
193.3348;4.3
193.4556;4.3
193.4771;4.5
193.6124;4.3
193.6796;8.3
193.7614;4.7
193.8303;4.2
193.8384;20
193.8999;4.9
193.9504;5.5
194.0439;50.4
194.0486;22.5
194.0502;20.3
194.0531;12.8
194.0818;113.6
194.1853;44.1
194.3533;4.7
194.3691;8.5
194.546;4.2
194.5714;4.4
194.6699;18.2
194.7105;4.3
194.8465;4.9
194.8598;146.2
194.8768;51.1
194.9066;3.9
194.9274;42
194.9368;2650.8
194.9463;11282
194.9699;52.1
194.9967;1440.3
195.0117;26.1
195.0174;39.5
195.0314;354
195.066;307.1
195.1026;127.6
195.112;4.2
195.1389;697.7
195.3055;4.4
195.3107;4.3
195.4109;4.2
195.4458;4.3
195.4856;5.3
195.6266;4.9
195.701;4.2
195.8095;4.9
195.8254;4.4
195.9937;4
196.0199;40.2
196.0261;4.5
196.0612;21.5
196.0689;6.2
196.1496;4.9
196.2578;4.1
196.3269;5.4
196.3607;3.9
196.5531;4.4
196.582;4.4
196.6958;11.6
196.8425;1253.3
196.8568;30.3
196.8893;30.7
196.9507;62.5
196.9647;6.1
196.9758;184.5
196.9854;55
197.0119;601.7
197.0216;245.6
197.0274;224.2
197.0453;361.2
197.0638;4.4
197.0816;1150.9
197.0967;130
197.1179;299.4
197.1542;816.4
197.1727;3.9
197.2466;4.3
197.3279;5.5
197.3539;5.1
197.4448;4.9
197.5922;4.3
197.8079;4.3
197.9214;4.9
197.9825;4.1
198.0039;46.2
198.0187;5.2
198.0304;6.3
198.0403;75.4
198.0886;5.5
198.1117;39.6
198.1576;22.5
198.1775;4.1
198.3131;4.4
198.3261;27.5
198.3568;4.9
198.3894;3.9
198.3985;4.9
198.4086;4.8
198.632;4.3
198.7021;5.4
198.7096;8.3
198.7258;4.8
198.7776;4.6
198.8395;750.3
198.9395;17.3
198.9464;4.8
198.9644;106
198.9914;147.4
199.0069;264.9
199.0246;388.5
199.0438;33.8
199.0475;49.6
199.061;723.5
199.0722;3325.1
199.0972;1272.1
199.1335;694.9
199.1561;18.4
199.1698;34581.9
199.1784;180.6
199.2106;113.5
199.2798;31
199.2922;40.1
199.3129;4.5
199.3271;4.9
199.3781;4.3
199.4104;4.9
199.4538;4.7
199.5644;3.9
199.6356;4.3
199.6654;4
199.7999;4.4
199.8647;4.4
199.867;5.4
199.8687;4.2
199.9874;6.2
200.0412;4.9
200.076;49.3
200.0927;500.5
200.1;26.3
200.1157;4.7
200.1258;4.8
200.1371;4.5
200.1732;3942
200.2572;5
200.3217;4.4
200.6852;4.7
200.7309;4.8
200.733;5.1
200.7355;4.4
200.8373;62
200.9189;4.4
200.9803;1929.1
200.9859;360.8
201.0035;146.2
201.0402;710.4
201.0513;58.2
201.0766;732
201.1128;1086.7
201.1494;21.2
201.1767;52.8
201.4809;4.1
201.6755;22.8
201.7914;4.4
202.0143;4.5
202.0352;120.4
202.0467;31.7
202.0721;165.7
202.1154;9.1
202.2656;14.3
202.3391;4.6
202.373;4.4
202.4767;4.5
202.4851;4.7
202.5743;4.5
202.6048;3.8
202.6839;6.1
202.7008;4.3
202.7067;30.2
202.7838;4.5
202.8094;4
202.8154;4.1
202.9104;3.7
202.9476;25.8
203.0196;289.1
203.048;4.4
203.0558;727
203.0926;76.5
203.1167;4.1
203.272;4.4
203.6103;5.1
203.6337;3.8
203.6416;5.1
203.712;4.4
203.8117;4.3
203.8664;4.3
203.9376;4
204.0152;15.3
204.1432;4.6
204.3555;43.8
204.3686;7.9
204.4464;4
204.4628;5.1
204.6443;4.6
204.7869;3.9
204.7935;4.2
204.9807;34.5
204.9987;886.4
205.0352;497.1
205.0525;394
205.0715;44.5
205.0866;121.5
205.1233;72.1
205.1409;3.7
205.1593;1014.6
205.2005;25.2
205.2984;4.5
205.4389;5.4
205.5172;4.1
205.5365;5.4
205.6497;4
205.7436;3.9
205.8333;26.9
205.9142;4.4
206.1627;53.6
206.2739;9.7
206.3231;16
206.339;4.4
206.4006;5.1
206.4259;9.1
206.6782;4
206.7935;4.7
206.8776;4
206.9304;4
206.9964;62.7
207.0302;72
207.0507;121.2
207.0688;24.3
207.0797;4.1
207.1023;160.5
207.1388;1364.6
207.2081;4.3
207.2695;4.3
207.3006;5
207.3076;4.4
207.3955;4.2
207.4631;4.9
207.4691;32.9
207.5241;4.2
207.6708;4.3
207.6889;4.2
207.6968;4
207.7387;4.8
207.8235;4.7
207.9011;4.5
208.1057;4.3
208.1421;43.2
208.2966;4.7
208.3961;12.2
208.4065;4.8
208.4823;5.6
208.5262;4.1
208.5704;37.9
208.6625;3.9
208.7475;34.3
209.0123;4519.2
209.0305;41.4
209.0457;223.8
209.0825;177.5
209.0948;35.3
209.1177;39.8
209.1314;4.2
209.1421;7.6
209.1546;159.1
209.176;4.1
209.2125;4.8
209.2726;18.3
209.3888;5.3
209.6544;4
209.6802;7.3
210.0157;109.4
210.0588;5.3
210.078;4.4
210.0895;57.9
210.1151;3.8
210.1252;10.3
210.1587;15.5
210.1886;4.5
210.3552;4.5
210.4188;17.3
210.5454;4.6
210.6664;4.4
210.8649;4.3
210.9274;5.2
210.9915;411.6
211.0074;68.4
211.0254;225.6
211.0374;4.2
211.0432;38.6
211.0611;315.7
211.0973;944.3
211.1336;965.8
211.1698;338.5
211.2635;4.7
211.3047;4.5
211.3486;5.2
211.4249;4.9
211.5348;5.6
211.6106;4.4
211.6361;3.9
211.7723;6.7
211.7756;4.9
211.8549;6.5
211.8815;4.4
211.9348;5.3
211.9565;27.3
211.9949;18.3
212.0057;4.4
212.0203;5.5
212.0601;5
212.0747;346.4
212.1007;5.1
212.1367;11.8
212.1416;4.2
212.2948;6
212.3921;5.4
212.3976;41.5
212.4152;4.3
212.512;7
212.5263;21.9
212.5495;5
212.6736;8.8
212.6904;5
212.8006;4.2
212.9732;5.6
212.9803;80
213.007;318.5
213.0171;112.7
213.0226;59.5
213.04;351.3
213.0557;54.4
213.0767;442.9
213.1021;4
213.1132;180.2
213.1494;738
213.1855;10739.4
213.1996;14.9
213.7872;4.5
213.9754;83.3
214.0351;78.4
214.1366;4.1
214.1888;1231.2
214.2503;4.8
214.293;32.9
214.3453;5.1
214.6509;4.8
214.814;4.2
214.996;539.4
215.0199;319
215.0326;12572.1
215.0558;653.1
215.0672;1315.9
215.0923;426.6
215.1284;319.2
215.3977;5.1
215.4872;4.6
215.664;5.1
215.7494;4.6
216.0359;681.7
216.0512;676.9
216.1501;5
216.3048;4.1
216.3754;4.5
216.4733;5.1
216.4907;5.2
216.4996;4.5
216.5308;4.3
216.7012;5.5
216.7831;4.7
216.8031;5.2
216.8229;5.3
216.9475;4.3
216.9805;27.5
217.0154;71.3
217.0297;3853.1
217.0481;99.9
217.0717;460.4
217.1071;5.5
217.1202;20.9
217.4306;4.3
217.4729;4.5
217.7043;4.1
217.7312;17.2
218.033;183.5
218.1261;4.4
218.1308;12.1
218.1673;1264.3
218.3944;4.6
218.4638;4.3
218.7547;4.4
218.8373;4.3
219.0063;43.5
219.0292;13.9
219.0509;241.6
219.0796;4.5
219.1383;28.1
219.175;7587.1
219.1858;5.6
219.2015;5.1
219.315;6.4
219.5056;4.5
219.52;41
219.7886;4.4
219.8051;4.3
219.9029;5.5
220.0042;39.3
220.0988;76.4
220.1127;4.3
220.1464;28582.9
220.1561;101.4
220.1684;7
220.1782;1020.5
220.1937;60.3
220.2887;16.8
220.315;4.9
220.3688;4.9
220.5196;4.8
220.6349;4.6
220.7223;5.1
220.7538;4.3
220.7885;4.4
220.9362;4.1
221.0814;81.5
221.1001;5.5
221.1179;67.5
221.1383;6.6
221.1498;3843.2
221.1816;8.2
221.2153;37.6
221.2616;4.5
221.3117;4.1
221.4391;5
221.466;4.7
221.5016;5.2
221.6212;4.2
221.6468;4.9
221.9318;27.4
221.9423;20.2
222.1536;78
222.3534;5.1
222.4322;4.4
222.5048;4.3
222.6174;4.4
222.7017;4.7
222.802;3.8
222.8324;4.3
222.8866;88.9
222.9008;4.8
222.9682;2066.4
222.9914;109.9
223.028;904
223.0608;161.5
223.099;18.4
223.1068;4
223.1338;1296.9
223.17;21.9
223.3536;4.6
223.4949;20.8
223.9609;4.9
224.0275;10.9
224.1261;4.6
224.1943;4.2
224.2388;4.4
224.5983;3.8
224.6889;5.5
224.8474;4.8
224.8669;44.5
224.9716;25.7
224.98;47
224.9924;39.5
225.0073;580.4
225.0277;5.8
225.0401;138.7
225.0586;56.3
225.0769;307.7
225.0883;486.3
225.1132;126.4
225.1494;851.2
225.1856;3647.8
225.3983;5
225.5787;4.8
225.8392;25.7
225.8461;4.6
225.8742;4.6
225.9136;4.3
225.9242;4.2
226.0122;3605
226.1055;32.6
226.1205;92.2
226.153;6.9
226.1888;383.7
226.277;4.3
226.3014;4.2
226.4715;28.1
226.5034;4
226.609;5.5
226.6465;4.2
226.8323;3.8
226.8461;5.2
226.8981;4.1
226.9866;70.2
227.0159;115.7
227.0212;60.4
227.0244;52
227.0375;58.6
227.0562;297
227.071;26
227.0923;844.5
227.1037;2584.5
227.1287;333
227.1514;41.9
227.1652;166.4
227.2012;25438.7
227.2348;5.3
227.2508;35
227.3492;4.9
227.6045;4.6
227.6334;4.8
227.7526;4.7
227.8267;4.3
227.9714;6.5
228.0505;50.8
228.1073;150.4
228.161;55.3
228.2046;3450.6
228.3394;4.2
228.3694;4.3
228.3832;5.7
228.5115;4.3
228.6724;4.8
228.91;5.5
228.9751;120
228.9977;46.9
229.0121;60.6
229.0281;4.2
229.0354;231.8
229.0717;276.1
229.083;1130.2
229.1081;414.3
229.1442;97.8
229.1562;96.6
229.1805;980.8
229.2085;73.3
229.2923;4.5
229.3114;4.5
229.5692;4.6
229.7792;4.9
229.8279;4.4
229.8532;4.7
230.0301;40.6
230.1035;59
230.1505;9.8
230.1842;54.9
230.2447;30.1
230.2557;4.4
230.2676;4.5
230.7806;4.6
230.8364;3297.9
230.9086;45.7
230.9405;5.2
230.9912;274
231.0143;60.4
231.0511;286.3
231.0875;322.6
231.1251;40.3
231.175;482.7
231.3244;4.3
231.3511;4.4
231.452;4.5
231.6397;4.1
231.6542;4.4
231.7048;16.2
231.7767;4.2
231.854;4.2
232.0435;343.1
232.1779;16.2
232.2228;4.5
232.54;4.1
232.6251;4.5
232.6454;8.6
232.6576;4.7
232.7195;38.6
232.8335;3868.8
233.01;31.2
233.0303;138.7
233.047;4.6
233.066;74.9
233.1543;7506.9
233.1708;4.8
233.1838;7.6
233.1906;48
233.2451;5.1
233.2618;5.3
233.2877;4.1
233.4966;4.2
233.6048;4.1
233.6309;5.7
233.656;4.5
233.6759;4.4
233.7746;4.7
233.8348;202
233.9704;4.9
234.0535;5
234.1579;921.5
234.2024;9.1
234.2719;5.3
234.4442;4.7
234.4505;5.3
234.5258;5.1
234.5428;5.2
234.6077;5
234.6233;4.4
234.7076;4.5
234.7319;4
234.8309;1468.6
235.0491;530.7
235.0981;4.3
235.1336;191.9
235.1702;959.6
235.5809;4.1
235.6915;4.4
235.8318;51.8
235.9157;4.8
236.0034;5.8
236.0925;108.8
236.1414;401.8
236.1743;19.2
236.1825;12.3
236.5602;4.7
236.6992;23.7
236.7823;5.5
236.8293;563.9
237.0073;83.9
237.0169;5.8
237.0436;82.1
237.0535;42.8
237.0772;87.5
237.1124;11.3
237.1181;34
237.1492;165.2
237.1702;15.3
237.1852;41
237.3277;4.3
237.4299;4.3
237.5063;4
237.6126;5
237.6402;20.8
237.9256;4.2
238.0422;41.7
238.1308;48
238.1573;5.7
238.2096;9.5
238.2189;5.8
238.2362;5.4
238.4269;5
238.7092;4
238.8676;66.1
238.9865;97
239.023;293.1
239.0592;1474.9
239.0743;68.9
239.0924;316.9
239.1286;1845.8
239.1652;79.7
239.2012;2843.3
239.2383;25.6
239.3036;4.9
239.3729;4.4
239.4039;4.7
239.5571;4.1
239.5681;4.3
239.8262;4.7
240.0513;40.6
240.0595;142.7
240.1321;14.5
240.1791;4.5
240.2046;290.1
240.5225;4
240.5341;4.7
240.5903;5
240.6104;5.3
240.7136;4.3
240.7861;4.2
240.8229;4.5
240.9667;4.3
240.9751;40.7
240.9843;224.4
241.0024;193.4
241.0118;68
241.035;72.4
241.0548;61
241.0717;282.4
241.0847;399.7
241.1082;386.1
241.1194;1990
241.1444;476.5
241.1625;12
241.1807;286.6
241.1974;4.3
241.2168;15899.3
241.2539;837.5
241.2718;9
241.2977;27.2
241.6324;4.8
241.687;3.9
241.6945;4.5
241.9232;4.3
241.995;4.8
242.0068;37.7
242.0772;49
242.0828;4.3
242.1231;163.5
242.1761;2870.6
242.2062;5.2
242.2201;2121.1
242.2574;44.3
242.3093;4.4
242.4817;4.3
242.5059;5.2
242.6351;11
242.6886;4.9
242.9812;41.7
242.9909;226.3
243.0138;72.5
243.0271;85.5
243.0509;429.7
243.0622;1399.4
243.0874;423.6
243.0995;12
243.1119;25.3
243.1238;316.9
243.1598;134.1
243.1795;271
243.1973;44
243.2229;15.6
243.5312;3.9
243.9293;5.6
243.9549;4
243.9688;4.8
244.046;67.5
244.0671;41.6
244.0824;842.9
244.4563;4.5
244.6597;11.3
244.9926;4.3
245.0068;122.9
245.0302;149.6
245.0666;408.3
245.1031;413.9
245.1815;4.8
245.2728;4.5
245.4337;4.4
245.6053;4.5
245.7391;4.5
245.8281;4.4
245.8617;4.7
245.9606;4.6
245.9718;7.1
245.9745;5.5
246.0055;3.8
246.067;28.1
246.2872;4.1
246.4709;4.4
246.5228;40.7
246.6277;4.4
246.7348;42.3
246.8226;4
246.9893;18.3
247.0103;34
247.024;54.3
247.029;45.3
247.0457;172.1
247.0821;191.3
247.1524;8.8
247.1699;909.6
247.2841;25.3
247.3505;5.2
247.4002;4.7
247.6424;25.8
247.7261;4.2
247.7584;4.9
248.0899;4.2
248.1265;3.8
248.1773;160.9
248.2172;4.5
248.2512;4.4
248.2588;4.5
248.6059;4.1
248.7541;4.7
248.8752;4.5
248.9428;4.7
249.0026;40.8
249.0319;304.8
249.1518;477.7
249.1871;23.4
249.5316;5.5
249.617;6.3
249.7242;26.3
249.8349;4.4
249.8929;4.1
249.9972;9.7
250.1445;2010.1
250.1824;4.4
250.3716;43.3
250.4485;4.9
250.5411;22.4
250.6592;4.1
250.8703;5.5
250.9271;4.9
251.023;42
251.0609;13.2
251.0959;126.8
251.1282;99.3
251.1479;98.6
251.1648;201.7
251.2011;79.3
251.3814;4.7
251.6037;5.4
251.7989;4.1
251.8077;4.1
251.822;4.4
251.9224;7.5
252.0712;40.6
252.1358;9.6
252.155;29.5
252.2739;4.4
252.5843;4.4
252.6814;6
252.6922;4.9
252.7028;7.8
252.9646;4
253.0025;98.1
253.0392;110.7
253.0709;211.7
253.0898;62.1
253.1078;209.9
253.1444;810.9
253.181;25.5
253.2169;9320.8
253.4191;4.4
253.5304;4.4
253.7375;4.6
253.8858;4
254.0932;8.9
254.2202;1209.1
254.4217;4.8
254.468;4.2
254.8409;6.5
254.9178;13.3
254.9527;4.6
254.9912;106.9
255.0117;62.8
255.0185;105.2
255.0236;52
255.0329;71.4
255.0507;124.5
255.0664;164.3
255.0874;601.8
255.1238;549.8
255.1603;357.9
255.1731;44.3
255.1963;137.5
255.2121;7.1
255.2196;54.1
255.2325;28522.9
255.2915;63.9
255.3329;4.8
255.3497;5.5
255.4102;5.7
255.9723;4.2
255.9878;4.8
256.0461;40.3
256.0942;213.2
256.1549;56.9
256.2358;4484.8
256.2963;4.7
256.4046;4
256.5581;4.3
256.6071;4.4
256.6568;4.5
256.8391;4.5
256.9871;4.7
257.0074;144.5
257.0299;40.9
257.0437;284.3
257.0668;270.1
257.0779;1907.1
257.1025;399.6
257.1144;28.8
257.1393;289.2
257.1508;73.4
257.1754;657.1
257.2126;30.7
257.2395;151.6
257.3318;7.3
257.4031;4.6
257.4453;4.6
257.4607;27.5
257.8632;4.6
258.0813;148.9
258.0981;300.7
258.1828;138.3
258.2129;4.1
258.4793;4.3
258.7847;4.2
258.8254;4.7
258.9439;4.4
258.9858;76.1
259.0224;548.2
259.0455;271.1
259.058;63.5
259.076;592.7
259.0946;38.5
259.1087;5.4
259.1186;232.4
259.1299;452
259.1915;98
259.5248;4.5
259.8244;4.7
259.9314;41.9
260.0152;4.6
260.4786;4.3
260.5845;4.8
260.6441;3.9
260.7089;4.4
260.8254;4.1
260.8508;4.4
261.0016;456.6
261.0246;36.9
261.0465;37.9
261.0609;58.2
261.0664;43.6
261.098;63.2
261.1262;1843.9
261.1487;40.3
261.222;182.6
261.2529;4.3
261.3954;50
261.4102;21.5
261.4893;47
261.768;4.5
261.8265;5.3
261.9577;5
262.1294;31.8
262.222;4.7
262.3673;4.7
262.417;5.4
262.4203;4.8
262.424;4.3
262.559;4.4
263.0414;31.4
263.0805;729.9
263.1076;32.3
263.1233;443.3
263.1669;79.1
263.2367;4.7
263.4163;10.6
263.726;4.4
263.7986;4.5
263.9133;5.3
263.9626;4.5
263.9763;29.1
264.0617;7.2
264.1373;50.6
264.16;724.8
264.5083;4.2
264.6451;4.1
264.8345;5.4
264.8524;5
264.9788;80.2
265.078;168.7
265.1066;33.1
265.1213;259.8
265.1337;118.8
265.1478;28009.3
265.1622;60.4
265.181;157
265.2106;31.7
265.2168;33.1
265.3037;17.3
265.3231;4.5
265.5312;4.4
265.6631;5.5
265.8074;6
265.9618;4.9
266.0257;4.8
266.1513;3140.1
266.176;5.3
266.2964;5
266.5456;5.7
266.661;5.8
267.0068;4.7
267.0181;116.5
267.0466;33.8
267.0861;187.6
267.1057;71.4
267.1232;222.7
267.1339;6.9
267.1436;1099.1
267.1595;365.6
267.1965;280.3
267.2191;5.3
267.2325;933.7
267.2455;4.9
267.2706;59.6
267.2904;4.5
267.5094;5.2
267.6111;4.5
267.6837;4.5
267.6873;5.8
267.6898;5.1
267.7234;4.4
267.7382;4.1
267.7853;18.8
268.147;43
268.1982;5.3
268.2143;4.3
268.2359;24.9
268.2453;4.9
268.7589;4.7
268.8006;4.4
269.0057;44.7
269.0433;55.7
269.0667;50.5
269.0855;83.8
269.1029;338.5
269.1391;548.6
269.1754;36.8
269.2121;638.8
269.2245;4.3
269.2354;4.5
269.248;3291.5
269.2609;145.2
269.2852;2713.2
269.5516;4.8
269.6949;4.6
269.8758;4.4
270.0775;88.5
270.104;4.6
270.1315;13.4
270.1597;4.9
270.206;17.2
270.2158;5.5
270.2513;434.6
270.2885;336.6
270.8718;4
270.976;36.9
271.0224;115.9
271.05;814.6
271.0821;288
271.1181;206.2
271.1312;14.3
271.1549;83.6
271.1911;94.4
271.2277;671.2
271.3459;4.7
271.6008;4.6
271.6696;4.5
271.6963;4.3
271.8631;5.3
271.9607;4.9
272.0535;10.6
272.1136;28.7
272.1993;22
272.8259;4.4
272.8645;4.6
272.914;44.5
273.0018;207.3
273.0611;201
273.0726;184.4
273.0974;120.5
273.1202;7.5
273.134;117.6
273.2003;4.6
273.7778;4.5
274.0366;4.4
274.0572;114.1
274.0846;4.3
274.1569;16.9
274.3218;5
274.5287;4.1
274.8076;4.4
274.9572;4.8
275.0034;29.1
275.0177;215.8
275.0436;19.1
275.0716;308.4
275.104;381.2
275.1131;87.4
275.1647;260.9
275.1965;7.5
275.6124;5.4
276.0202;4.4
276.1236;5.8
276.1379;5.2
276.2088;313.2
276.2289;4.8
276.368;5
276.3965;3.9
276.4558;4.2
276.476;5.1
276.7628;4.4
276.824;6.1
276.9955;5.4
277.0329;1343.4
277.0962;536.1
277.1207;101.4
277.1437;146.9
277.1843;5964.5
277.208;3.8
277.2865;4.2
278.0058;5.3
278.1528;245
278.1878;756.5
278.4784;4.1
278.5296;4.2
278.9524;4.5
278.9944;3201
279.0391;89.1
279.0546;510.9
279.0948;100.5
279.1276;535.7
279.1634;26388.4
279.179;130.5
279.2323;226.7
279.2711;5.3
279.3648;4.6
279.5895;4.8
279.7752;5.3
279.7992;4.6
279.8566;49.3
280.1162;5
280.1668;3119
280.2357;6.8
280.3688;20.4
280.4959;5.1
280.5306;5.2
280.6161;42.1
280.6714;4.2
280.7794;4.7
280.9301;34.5
280.991;36.7
281.0071;50.6
281.0702;331.6
281.1;4.4
281.1094;4.6
281.1217;21.5
281.1441;127.8
281.1592;955.2
281.1762;132.9
281.2116;1089.2
281.2479;1179.6
281.3551;4.6
281.3715;4.9
281.3744;6
281.3784;3.6
281.382;5.3
281.3856;5.1
281.4404;4.6
281.5211;4.7
281.6835;4.5
282.1678;339.6
282.2147;72.5
282.2512;125.2
282.4907;4.4
282.659;34.4
282.7775;4.6
282.9283;19.5
282.9974;5.3
283.0139;68.4
283.0221;57.8
283.0821;48.2
283.1007;177
283.1186;273.8
283.137;145.4
283.1552;111
283.1911;84
283.2274;16.4
283.2638;6505.3
283.2758;21.7
283.3082;4.9
283.3571;4.8
283.4078;4.6
283.682;4.4
283.848;4.3
283.8729;4.4
284.0303;4.8
284.0938;4.5
284.2269;9.6
284.2469;25.5
284.2672;1009.3
284.2847;4.7
284.6102;4.3
284.6251;5
284.793;4.9
284.964;17.7
285.0027;46.8
285.0089;38.3
285.0189;586
285.0382;109.7
285.0604;77.8
285.0748;150.6
285.0982;290.5
285.1164;234.7
285.1261;595
285.1965;4.3
285.2072;168.9
285.2434;689
285.2565;4.2
285.6295;5
285.7585;4.2
285.9043;4.7
286.0919;61.2
286.1088;5.2
286.1308;100.2
286.2144;103.5
286.267;25.9
286.3098;5.8
286.5715;5.1
286.6834;5
287.0196;85.9
287.0578;8.1
287.0773;109.4
287.0876;107.6
287.1146;4.6
287.1251;45.8
287.1505;58.8
287.2227;3179
287.236;4
287.3742;4.9
287.3889;4.4
287.7812;5
288.226;380.3
288.3916;5.3
288.5778;9.4
288.683;5
288.7261;5.1
288.7521;4.8
288.7821;5.3
288.7926;4.2
288.8357;5.2
288.9097;55.5
288.9741;6.5
289.0926;87.9
289.1077;4.7
289.1219;65.4
289.2897;4.5
289.3896;4.3
289.6373;5.1
289.7758;4.4
289.9038;26
289.9136;4.7
290.0054;29
290.2244;482.9
290.2574;5
290.521;4.5
290.8178;4.8
291.0174;72.9
291.0525;41.2
291.0717;45.8
291.0983;134.6
291.1427;350.1
291.1593;1007.9
291.1686;666.7
291.1998;5721.8
291.2647;4.4
291.4476;23.9
291.5625;4.6
291.8562;4.2
291.9856;4.7
291.9961;9.8
292.0333;19.2
292.1023;6
292.1457;4.3
292.1619;14.8
292.1929;4.4
292.2032;765.5
292.3171;4.1
292.4517;4.9
292.6701;4.8
292.6861;10
292.6887;9.2
292.8367;779.4
292.9232;641.5
293.0804;69.1
293.1157;34.5
293.1455;48.8
293.1791;17532.4
293.1943;188.3
293.2122;5
293.4518;15.9
293.8627;5.1
293.9915;4.2
294.0764;4.4
294.0903;5.1
294.1828;2121.4
294.1954;4.4
294.3135;4.3
294.325;5.6
294.3508;4.6
294.6089;4.4
294.8336;719.2
294.9938;4.1
295.0498;65.2
295.059;40.2
295.0944;59.2
295.1371;195.3
295.1553;19
295.1747;584.1
295.1929;5.9
295.2268;17.5
295.264;11.1
295.3615;4.3
295.7162;4.6
295.8272;50.3
295.8783;5.1
296.0306;4.4
296.3029;5.9
296.4004;4.1
296.7313;5.4
296.8145;4.6
296.8319;279.9
296.9321;4.7
297.0304;55.6
297.0474;1913.2
297.0602;49.7
297.0777;100.1
297.1012;23.6
297.1168;174.9
297.1526;43884.4
297.169;374.6
297.2052;4.5
297.2271;56.4
297.2434;539.1
297.279;78.1
297.2983;4.8
297.3154;100.6
297.5252;4.2
297.7997;166.5
298.0453;141.7
298.0799;4.5
298.1127;4.5
298.1561;6528.3
298.2458;14.4
298.3199;5.7
298.4249;4.6
298.6493;5.8
298.6623;40.2
298.7192;20.6
298.7345;60.6
298.7465;56.4
298.7535;48.4
298.7993;6293.2
298.8543;20.2
298.8679;23.4
298.9941;4.6
299.0253;147
299.0433;111.3
299.0546;40.9
299.1135;153.8
299.1486;1593.6
299.1593;226.1
299.1863;4.2
299.2003;13.9
299.2219;23.4
299.2453;5.2
299.2591;477.9
299.3809;4.2
299.4244;20.3
299.4582;8
299.5306;4.8
299.6162;4.5
299.7929;78.8
299.8002;111
299.803;102.7
299.8178;6
299.8213;6.4
299.827;4.1
300.1197;58.9
300.1512;120.8
300.2625;51.7
300.3005;4.2
300.3112;9.4
300.755;4.8
300.7972;5
301.0714;38.4
301.0924;93.2
301.1282;78.2
301.1667;8.4
301.1739;5.4
301.1768;5
301.2082;4.9
301.2393;5.9
301.2827;4.6
301.4839;4.1
301.7435;5
301.818;8.5
301.885;22.9
301.9286;26.3
302.0663;32.7
302.3859;5.3
302.9279;5.2
303.1098;43.9
303.1481;40.9
303.2155;41.8
303.3956;4.9
303.6926;4.3
303.7272;4.9
303.9191;4.8
304.0404;4.2
304.3939;4.2
304.516;4.5
304.6278;4.8
304.7043;5.5
305.0548;250.5
305.0701;53.9
305.1419;5.3
305.2155;4639.7
305.2493;5.9
305.2986;4.3
305.3949;4.4
305.619;4.9
305.9773;4.9
306.0152;5.4
306.2065;75.8
306.2192;722.1
306.5242;4.9
306.5427;4.1
306.5594;4.1
306.6168;4.8
306.9895;353.3
307.0046;4.3
307.0194;5.3
307.0838;4.7
307.0956;79
307.1344;3.7
307.1587;3585.1
307.1947;6187.3
307.2069;120.1
307.291;4.3
307.4522;4.9
307.7531;4.4
308.0757;26.2
308.0879;21.4
308.0982;142.7
308.162;353.5
308.1981;820.2
308.2966;4.8
308.567;4.7
308.5882;8.6
308.8894;45.9
308.9874;4.7
309.1195;41.8
309.1533;1114.2
309.1743;4252.6
309.1908;59.1
309.2066;116
309.2429;16.3
309.3326;5.4
309.5271;4.4
309.5817;28.8
310.0765;5.1
310.156;32.2
310.1727;612.6
310.3589;4.8
310.5125;51.5
310.6916;35.5
310.7419;4.6
310.9193;4.6
310.9293;368.2
310.9496;30
311.088;733.2
311.1332;590.3
311.1401;330.2
311.1505;909.7
311.1679;145047.3
311.1854;3458
311.2221;98.6
311.2473;584.1
311.2603;43.1
311.2952;157.3
311.3313;4.8
311.4074;232
311.4888;12.4
311.7925;4.3
312.0104;42.3
312.1276;4.3
312.1594;169.5
312.1717;23666.9
312.1891;407.7
312.3834;4
312.3973;5.3
312.711;4.5
312.7321;42.7
312.7667;130.3
313.031;54.8
313.0441;186.6
313.0565;8.3
313.0777;232.7
313.129;81.8
313.1479;276.7
313.1643;5585
313.1753;1398.3
313.201;8
313.2381;2238.2
313.2746;1417.1
313.3496;4.6
313.8278;4.2
313.9097;4.4
313.9137;5.6
313.9193;4.8
314.1359;34.4
314.1674;949.1
314.1873;4.5
314.2413;184.3
314.2773;30.4
314.4914;4.7
314.532;4.2
314.8123;18.2
314.8381;5.3
314.8973;4.8
314.9013;4.9
314.9056;4.6
314.9961;25.4
315.0055;5.2
315.019;8.2
315.1194;2805.7
315.1446;54
315.1801;16.2
315.2028;4.6
315.2542;206.8
315.3158;5
315.4492;4.5
315.8181;6
316.0408;7.5
316.1226;235.9
316.3171;4.7
316.3498;4.9
316.4925;4.4
316.5099;4.2
316.6312;4.2
316.7502;4.5
316.7746;5.2
316.8677;4.5
316.8819;47.7
316.9069;660.3
317.0098;4.5
317.0704;81.5
317.0862;48.2
317.1215;41.2
317.1549;27.7
317.2848;9.6
317.4365;44.3
317.7517;4.7
317.878;4.2
317.9485;8.6
318.0087;4.9
318.2035;4.6
318.214;4.7
318.4392;6
318.5002;4.4
318.5233;3.9
318.8174;12.5
318.8783;35.5
318.9041;924.2
319.0582;4.4
319.1403;4.6
319.231;2850.7
319.2643;5.1
319.2863;5.2
319.416;5.1
319.5177;4.3
319.6551;5
319.8374;4.4
319.8672;23.9
319.9503;3.9
320.1048;4.4
320.2218;12.3
320.2345;384.1
320.3073;4.4
320.5023;4.6
320.5807;5.1
320.9012;383.2
320.9177;4.5
320.9287;6.5
320.9427;4.1
320.9898;4.7
321.0786;45.8
321.1086;49.1
321.1407;47.3
321.1743;264.3
321.2103;5562
321.2299;55.7
321.3585;4.5
321.3875;3.9
321.4002;4
321.446;5.3
321.7647;4.7
321.8724;19
321.8855;7.2
322.1445;4.1
322.2137;761.5
322.2965;4.7
322.3086;5.3
322.4731;4.6
322.8993;5.7
323.0129;4.5
323.0892;34.5
323.117;213.1
323.1492;206.7
323.1685;1570.6
323.1898;2823
323.2039;63.3
323.2586;7.4
323.4883;145.4
323.5047;3.9
323.556;32.6
324.1495;39.5
324.1715;121.4
324.1932;137
324.4221;4.8
324.7573;11.9
324.9284;409.4
325.0113;5.5
325.0813;442.7
325.0982;810.4
325.1486;1265.6
325.1649;1259.3
325.1834;169035.8
325.2018;1157.7
325.2374;8
325.2419;8
325.2683;740.8
325.3095;14.4
325.4387;326
325.5053;5
325.5988;4.3
325.7875;4.8
326.0272;10.2
326.0905;62.5
326.0988;59.1
326.1497;84.7
326.1872;29947.2
326.274;5.3
326.576;4.7
326.7997;6.1
326.8909;94.2
326.9355;5.7
326.954;30.9
327.0292;11.4
327.0492;46.8
327.0609;65.6
327.0843;20.4
327.1047;40.6
327.1418;168.3
327.1637;1107.6
327.1799;6598.5
327.1905;2158
327.2174;162.6
327.2368;92.1
327.254;49.6
327.2877;53.2
327.4811;5
327.5342;34.5
328.0367;4.9
328.1258;5.3
328.1514;1169.7
328.166;121.7
328.1829;1164.9
328.8131;85.6
329.0273;53.8
329.0874;96.2
329.1356;207.1
329.1522;867.4
329.1712;5
329.1854;57.2
329.2061;41
329.2338;143.8
329.2786;4.6
329.5525;26.1
330.0441;665.1
330.1456;4.5
330.4815;4.9
330.5355;8.3
330.5974;4.6
330.8098;95.3
330.9381;4.5
331.1317;139.5
331.1484;210.8
331.2998;721.2
331.3712;4.4
331.6642;5.2
331.7838;27.4
331.8454;4.5
332.04;4.4
332.2251;4.4
332.2588;3.8
332.3031;80.2
333.1104;224.3
333.126;5.6
333.2195;187.4
333.2465;19.7
333.2656;4.5
333.4641;4.9
333.4916;4.1
333.696;3.8
333.7037;4.1
333.7522;4.8
334.1176;38.4
334.1725;5
334.2233;37.1
334.236;4.6
334.2515;694.1
334.3097;4.4
334.3605;4.3
334.3834;4.7
334.4942;4.2
334.9132;4.2
335.011;151.6
335.0423;42.4
335.1089;77.8
335.1895;1959.8
335.2293;52.9
335.2356;95.5
335.2811;5.2
335.8361;4.1
336.1937;147.9
336.221;5.3
336.2478;89.9
336.6418;4.5
336.8975;11.8
337.0969;60.1
337.1184;32
337.1395;80.4
337.1842;1960.3
337.2052;4999.8
337.2555;4.5
337.3931;107.4
337.6231;5.9
337.9098;24.1
337.9242;4.5
337.9376;5.2
337.9552;4.8
337.9864;7.4
337.995;6.5
337.9996;4.5
338.1732;57.7
338.1874;279.1
338.2087;673.7
338.3563;4.9
338.4268;4.8
338.5925;4.7
338.8719;4.2
338.9277;323.8
339.0162;4.6
339.0442;43.1
339.0628;59.9
339.0959;369.1
339.1084;651.1
339.1652;1146.6
339.1789;945.4
339.199;150243.9
339.2191;848
339.2281;251.4
339.2394;11
339.2543;114.7
339.2758;15.8
339.2897;618.6
339.3249;19.4
339.4073;4.7
339.4342;4.6
339.4712;155.1
339.8684;4.9
339.924;4.7
339.9543;4.4
340.0181;4.4
340.1533;220
340.1676;114.5
340.2029;26879.2
340.221;47.6
340.2915;39
340.3865;26.7
340.5615;4.6
340.8323;4.6
340.8725;5
340.9838;556.8
341.017;88.9
341.0646;241
341.0895;56.2
341.1423;33.3
341.1597;400.9
341.179;1501.5
341.1957;5415.8
341.2047;2312.3
341.2693;6277.6
341.3031;48.6
341.366;4.9
341.6993;5.4
341.8084;4.4
342.0064;5.1
342.0376;4.9
342.0592;60.7
342.131;50.8
342.1531;29.6
342.1667;41.5
342.1822;177.4
342.1986;1084.9
342.2333;4.6
342.2726;1279.6
342.3555;4.4
342.4559;4.7
342.5662;6
342.7185;4.7
343.1008;25.3
343.1379;70.7
343.1512;385.9
343.1746;36.3
343.2118;181.8
343.3577;4.8
343.4344;5.9
343.4858;4.8
343.526;4.7
343.6539;4.1
343.6807;4.6
343.774;5
343.8532;5
344.0223;5
344.0368;6.8
344.1021;4.7
344.1669;3.8
344.526;5.2
345.0945;208.2
345.1292;161.7
345.1471;2318.9
345.2586;4.9
345.7015;4.8
345.7866;4.1
345.8841;5
346.1119;20.9
346.1505;259.9
346.2226;4.8
346.2701;4.6
346.309;4.2
346.3726;4.7
346.5738;4.1
346.8206;4.1
347.0237;4
347.1281;60.9
347.144;681.5
347.1609;178.7
347.1907;90.5
347.2241;27.6
347.3345;11.1
347.3556;4.6
347.3875;4.5
347.8188;4.1
347.9164;4.3
348.1039;32.3
348.2482;4.3
348.4344;4.5
348.8498;5
349.1418;17.9
349.167;96.4
349.2059;361.2
349.2414;6992
349.4961;4.8
349.5612;5.9
349.9714;5.6
350.0916;64.3
350.2449;1282.9
350.367;5.8
350.5337;4.6
350.5858;4.6
350.8154;4.9
350.9934;4.4
351.1225;141.1
351.1847;371.1
351.1991;31.5
351.2208;2612.7
351.2349;69.6
351.2484;41.7
351.2576;42.9
351.3161;5.5
351.5123;4.4
351.7658;4.6
351.9869;4.7
352.1103;5.1
352.224;328.6
352.2776;5.5
352.5366;42.4
352.7319;7.6
352.9246;4.1
353.0638;32.5
353.1281;54.2
353.132;59
353.1791;1135.8
353.2002;3356.7
353.2152;4844.7
353.3845;5.2
353.4081;4.7
353.4554;7.5
353.4924;4.7
354.1823;144.4
354.2034;689.6
354.2186;898
354.3138;4.8
355.0433;42.8
355.0537;57.9
355.0676;53.9
355.1435;18.7
355.1591;31.6
355.1946;1506
355.2131;182.3
355.25;60.1
355.268;139.4
355.2854;65.6
355.429;5.2
355.8588;5.7
356.0254;4.1
356.1462;411.1
356.1982;185.1
356.4352;4.4
356.4775;5.4
356.7235;6.2
356.9883;4.8
357.0124;12
357.0311;4.8
357.1741;159.6
357.229;104.3
357.2646;114.7
357.5883;4.2
357.7795;5
358.1282;18.5
358.4529;4.5
358.6563;4.3
358.7184;5.2
358.8214;5.3
359.0569;4.4
359.1337;5.4
359.2262;36
359.4154;4.3
359.7092;3.8
359.7162;3.8
359.9149;9
359.9813;7.9
359.9897;4.7
360.3126;4.6
360.4626;4.8
360.754;4.7
360.8132;4.7
360.8701;4.4
360.9692;6.1
360.9766;4.7
360.9833;5.2
361.0099;4.3
361.0803;247.3
361.1415;929.8
361.1787;199.9
361.2417;1385
361.4668;4.2
361.54;5.1
361.5788;5.3
361.6762;9.1
361.7119;4.2
362.0644;4.2
362.1475;149.5
362.2207;4.6
362.2445;172.5
362.2687;18.1
362.2828;558.7
362.2994;8.2
362.3753;4
362.6666;4.5
362.9979;4.5
363.0224;6.1
363.1231;146.9
363.1392;245.9
363.1535;61.3
363.1629;54.9
363.171;59.8
363.1861;52.2
363.2207;2609.8
363.29;32.5
363.3252;3.9
363.579;5.3
363.6569;44.3
363.7228;4.4
363.8305;4.2
364.1285;122.3
364.2238;338
364.2793;54.9
364.3524;18.4
364.4522;5
364.741;4.3
364.7708;4.5
364.8516;4.6
365.0619;9.4
365.0944;44.2
365.1112;4.9
365.1185;5.9
365.1233;4.5
365.1371;41
365.1635;4740.8
365.201;68.9
365.2158;55.8
365.2451;1137.1
365.323;5.1
366.0052;5.1
366.0684;369.6
366.1152;6.2
366.1669;746.4
366.2488;125.9
366.3785;11.1
366.7962;5.2
367.0283;5.3
367.0551;5.1
367.0727;6.5
367.1062;92.8
367.1107;98.1
367.1605;19.6
367.1822;61.6
367.1957;107.9
367.2155;2096
367.2309;622.9
367.2426;292.2
367.2873;55.1
367.3252;4.3
367.3569;370.6
368.0655;572.4
368.0955;4.5
368.219;149.4
368.2339;37.8
368.2825;10.1
368.34;43.1
368.421;4.4
368.494;4.3
369.0285;62
369.069;9.9
369.0938;29
369.1267;19.4
369.1573;61.6
369.1745;146.7
369.2286;53
369.3006;669.8
369.3369;56.7
369.4145;4.5
369.4634;11.4
369.7014;11
369.9848;4.8
370.016;4.9
370.0628;180
370.0938;5.4
370.1618;490.2
370.1997;4.7
370.3042;47.5
370.754;4.5
370.7733;4.5
370.8084;4.3
370.9914;5.3
371.0259;26.6
371.065;1187.3
371.161;35.7
371.1903;85.6
371.2449;119.3
371.2801;65.9
371.6017;5.1
371.6212;4.8
371.7826;5.8
371.8038;4.7
372.065;109.1
372.1396;69.8
372.166;14.9
372.303;299.6
372.5198;17.4
372.5667;5.9
372.591;4.6
372.8074;6
373.0438;37.5
373.0615;85.5
373.0816;171.4
373.1247;103.6
373.2036;55.8
373.7009;6.4
373.7072;5
374.3361;4.2
374.5067;49.6
374.8295;4.6
375.0897;10.4
375.1181;53.1
375.1613;77.9
375.1976;49.4
375.2205;26054
375.2575;30.9
375.2742;14
375.2903;44.4
375.3039;45.4
375.6312;4.1
375.7085;5.1
376.2239;5037.1
376.5823;4.1
376.7824;8.9
376.9185;36.4
376.9607;4.7
377.0688;4.5
377.0845;52.2
377.1357;196.6
377.1725;188.2
377.2016;75.2
377.2175;1099.1
377.2362;46355
377.2769;114.3
377.3419;75.2
378.0299;4
378.2215;108.3
378.2396;8921.8
378.2754;4
378.2803;5.6
378.285;4.9
378.3693;9.3
378.5121;5.1
378.8252;4.2
378.9674;27.6
379.0333;6.1
379.0735;63.6
379.1119;45.6
379.145;46.5
379.1794;45.1
379.2162;442.4
379.2328;1941.2
379.261;5.1
379.2849;4.9
379.3826;4.7
379.4277;4.2
380.0513;4.4
380.0653;4.7
380.0831;22.1
380.1421;4.4
380.2347;169.7
380.3927;30.1
380.4906;4.6
380.679;4.4
380.8937;4.4
381.0581;9.4
381.1313;168.8
381.1605;85.3
381.2313;3285.2
381.2472;474.5
381.3718;59.3
381.8961;4.6
382.0485;16
382.0806;37.2
382.2344;529.2
382.6355;4.7
382.8483;5.2
382.9653;34
383.0568;11.7
383.1036;133.1
383.2283;52.3
383.2672;4.2
383.2816;62.2
383.316;126.4
383.3525;423
383.4598;4.3
383.5722;3.9
383.9824;5.1
383.9942;5
384.0514;5.1
384.0814;4.5
384.2881;5.2
384.3659;4
384.9142;5.3
385.0071;11.2
385.0529;40.7
385.1309;4.4
385.1726;51.9
385.1993;263.6
385.5145;4.7
385.6599;4.7
385.7021;5.3
386.1542;46
386.1663;4.3
386.2464;4.4
386.6228;5.1
387.0027;10.9
387.0687;55.8
387.0944;48.3
387.2383;122.6
387.2568;275.3
387.2778;4.5
387.3012;8.3
388.0107;11.6
388.0886;4.3
388.2984;201.2
388.3234;4.1
388.4054;4.9
388.7618;4.4
388.9526;4.1
389.072;68.3
389.108;4.6
389.1129;6.2
389.1186;4.7
389.1449;4.8
389.1593;4.4
389.2001;616.6
389.2369;72.7
389.2728;3390.9
389.5976;4.6
390.0075;5.2
390.2041;7.4
390.2764;695.9
390.2945;8.7
390.4388;4.4
390.5162;4.7
390.8128;61.8
391.0363;158.8
391.152;219.7
391.1904;12.9
391.2155;4857.8
391.2521;3333.7
391.3175;25.1
391.376;6.1
391.6908;4.9
391.9444;4.7
392.2193;900.9
392.2555;519.3
392.4395;5.1
392.7216;4.7
392.8098;47.9
393.0396;24.5
393.0567;4.5
393.1252;42.8
393.1949;121.7
393.2139;70
393.231;654.7
393.2772;1395.7
393.6516;4.1
393.7794;4.6
393.9421;5.4
394.2198;4.4
394.2346;66.4
394.2806;230.8
394.5291;4.9
394.7016;4.6
394.7461;4.5
394.8964;4.7
394.9382;49.6
395.0141;4.6
395.0867;5
395.1302;973.7
395.1472;93.4
395.1933;622.7
395.2152;110.5
395.2469;1389.1
395.2632;358.6
395.2712;350.5
395.5649;5
395.684;4
395.7105;4
395.835;4.7
395.8546;5.4
395.9722;4.7
396.1326;107.9
396.2507;201.9
396.7102;5.3
396.7357;4.3
396.7681;4.5
396.9348;58.1
397.0836;24.6
397.0882;24.4
397.113;33.7
397.1611;70.8
397.2263;2197.4
397.2948;56
397.3321;228.2
397.369;55.6
397.4087;4.9
397.701;4.8
397.8705;5.7
398.2296;239.1
398.2476;6.2
399.1914;4.7
399.222;46.3
399.2732;67.7
399.3049;4.2
399.3395;4.4
399.3658;5.6
399.4475;4.2
399.8564;4.5
399.9436;33.9
400.0292;388.9
400.073;5
400.1489;4.7
400.3756;5.4
400.4883;6
400.7503;4.6
400.8303;5.5
400.9925;36.7
401.0185;36.6
401.2364;813.6
401.2898;5.1
401.38;3.9
401.3892;3.9
401.4777;4.9
401.5484;4.6
401.8866;4.1
401.9395;4.8
402.0265;658.1
402.2402;47.2
402.399;4.6
402.5148;4.1
402.7855;42.1
402.9899;161.6
403.0086;285.1
403.0303;18.5
403.0533;4.5
403.1367;32.8
403.1817;67.9
403.1916;85.3
403.2119;103.1
403.2253;249.5
403.2519;64027.1
403.2771;293.8
403.3059;8.1
403.3341;178
403.3702;87.2
403.4382;5.5
403.5718;4.3
403.7741;5.2
403.8445;5.2
404.0233;396.6
404.0724;4.7
404.1237;4.6
404.2554;13706.8
404.3223;4.3
404.7561;4.8
404.8631;4.5
404.9133;115
404.9866;107.3
405.0058;567.9
405.1216;27.7
405.1302;124.4
405.1491;427.1
405.1958;451.1
405.2293;367.9
405.2676;129449.6
405.2929;767.1
405.3045;189.3
405.3858;514.4
405.4158;5.4
405.4931;6.2
405.623;93.6
405.9519;4.7
405.9743;16.9
406.0211;38.1
406.0944;5.3
406.1659;4.2
406.1943;4.5
406.235;20.7
406.2709;29121.8
406.3415;48.6
406.6305;4.3
406.6707;4.4
406.8655;5.1
406.9496;5.2
406.9833;10.3
407.0025;530
407.1234;4.2
407.1469;427
407.1705;5.4
407.1901;63
407.2108;127.9
407.2645;5293.9
407.6464;55
407.901;46.4
408.267;1153.7
408.5702;4.7
408.7478;4.5
408.9991;91.2
409.0703;4.2
409.1187;49.2
409.1449;3651.1
409.1617;381.2
409.1922;113.4
409.226;170.1
409.2514;7.4
409.2796;119.7
409.3042;4.2
410.1483;676.8
410.8257;4.1
411.096;4.6
411.1413;136.4
411.1702;39.5
411.2144;417.6
411.2415;1136.6
411.3476;68.1
411.3839;173.2
411.4925;4.6
412.1113;5.2
412.1782;22.6
412.2444;156.4
412.2716;5.5
412.3277;4.4
412.6242;4.8
412.7705;4.7
413.0373;220.4
413.0827;17.6
413.1105;4.5
413.1917;4.6
413.2292;137.6
413.2684;5
413.4032;28
413.5346;4.1
413.585;5
414.2314;4.6
415.0342;479.4
415.3604;4.3
415.402;4.4
415.4609;5.8
415.6073;4.9
415.982;4.7
416.0416;31.6
416.1069;4.3
416.1306;3889.5
416.1675;52.1
416.3891;4.2
416.6495;4.9
416.9758;5.7
417.0311;238.1
417.1339;568.7
417.2311;1348.9
417.2666;25.5
417.2996;4.1
417.3505;95.7
418.034;10
418.1472;4.1
418.2349;158.5
418.2637;5.4
418.3269;4.6
418.5152;4.7
419.0234;43
419.2109;5.8
419.2468;12450.3
419.283;438.5
419.4825;5.8
419.5966;4.6
419.9641;4.4
420.067;4.6
420.0722;5.5
420.079;4.3
420.1014;4.5
420.2502;2607.8
420.2798;4.4
420.3361;4.8
420.4991;4.6
420.9389;12
420.9516;4.6
421.1344;28.2
421.1544;333.2
421.1903;137.2
421.2261;1275.1
421.2443;515.7
421.2623;1584.7
421.2958;60.4
422.0594;4.3
422.2287;137.6
422.2657;214.1
422.3334;3.8
422.5417;4.2
422.653;4.6
423.1606;3828.9
423.2945;86.3
423.4057;4.9
423.4681;7.8
423.6069;4.5
423.6308;4.8
423.6496;5.4
423.7404;4.8
424.164;631.7
424.5516;5.8
424.6459;4.3
424.7613;4.4
424.9;4.8
425.0816;42.2
425.119;30.7
425.1572;302.8
425.2028;69.2
425.2575;1646.3
425.4641;18.9
425.5176;5
425.541;4.2
425.9206;4.7
426.0323;3.9
426.1274;114.4
426.2375;27.8
426.2604;147.7
426.4206;11.9
426.4567;4.3
426.876;289.9
427.0526;19.5
427.0854;44
427.1813;75.6
427.3204;25.5
427.3437;4.7
427.5377;4.6
427.6609;3.7
427.7115;4.9
428.069;4.9
428.1081;4.9
428.1285;4.2
428.1567;5.5
428.1852;115.7
428.3197;4.7
428.6785;4
428.8728;620.4
428.9059;4
428.9634;4.1
429.0347;4.1
429.05;77.5
429.1685;53.1
429.2187;32.1
429.7537;5.6
429.7995;5.3
430.2174;4.3
430.2442;4.2
430.5957;18.8
430.817;5.1
430.87;500
430.9499;4.2
431.0315;11.4
431.0471;21.6
431.2063;28.1
431.2832;816.6
431.3659;104.3
431.8404;4.4
432.0401;10.7
432.2878;100.4
432.4673;5.4
432.6919;4.5
432.8668;105.4
432.9662;12.6
432.9983;41.6
433.155;42.7
433.2259;1373.8
433.2619;188.9
433.2988;2034
433.3332;176.4
433.5046;4.5
433.666;5.7
433.9893;20.5
434.1567;4.4
434.1936;5
434.2298;102.9
434.2547;5.1
434.3035;449
434.387;7
434.652;4.8
434.9449;4.4
434.97;150.1
435.0138;12.6
435.1684;39.1
435.175;44.6
435.1814;35.6
435.2092;47.6
435.2417;1349.1
435.2785;101.3
435.295;4.9
435.6694;5.2
435.9879;124.3
436.2441;126.6
436.7868;4.2
436.9696;59.1
437.1763;2865
437.2237;6.2
437.2573;547.2
437.3067;30.8
437.5683;4.5
437.9847;65.8
438.0039;4.6
438.1796;397.9
438.4597;3.9
438.4674;3.9
438.6521;4.8
438.7014;4.6
438.9663;119.3
439.0294;17.7
439.1744;58.1
439.2462;1144.7
439.2734;786.7
439.3049;5.5
439.334;8.4
439.3799;29
439.5467;4.5
439.6391;4.5
439.7239;4.3
439.8204;5.5
440.1203;4.3
440.2497;184.6
440.2785;58.6
440.8286;4.2
440.9639;214.5
441.1162;97.3
441.1992;334.2
441.2524;962.4
441.343;4.6
441.5822;4.5
441.7959;4.2
442.0731;4.5
442.2552;129.4
442.9078;4.7
442.9606;61.1
443.178;2297.7
443.301;16.1
443.347;5.6
443.5138;4.9
443.5947;5.4
443.6607;4.3
443.9273;4.9
444.1818;288.3
444.2046;5.1
444.7111;5.2
444.7542;4.9
445.0362;57.7
445.2726;4.4
445.3184;20.1
445.3503;5.1
445.421;4.9
445.9151;4.3
446.1391;44.6
446.3708;5.2
446.3923;4.5
446.7426;4.2
446.8375;11.1
446.905;54.2
446.9333;31.9
446.9978;30.1
447.032;102.3
447.0516;43
447.0738;87.5
447.1337;187.8
447.2054;77.2
447.2438;70
447.278;354.5
447.3249;59
447.4957;8.7
447.9711;5.1
448.0142;4.4
448.1652;4.3
448.9952;201.4
449.0297;125.2
449.0728;281
449.15;373.6
449.2204;186.6
449.2574;2236.4
449.2938;200.5
449.4405;4.9
449.707;4.4
449.9017;4.4
450.0047;4.6
450.0219;4.8
450.0752;85.2
450.2612;311
450.5496;4.5
450.8319;4.9
450.9925;91.8
451.074;212.7
451.2206;5
451.237;160.2
451.3244;279
451.43;5.6
451.5743;6.7
451.5806;7.6
451.5885;5.5
451.6973;5.3
451.9757;5.5
452.075;33.7
452.2399;51.9
452.3269;4.1
452.5007;4.2
452.9908;18
453.0723;279.7
453.1408;36.7
453.1989;4366.3
453.2443;4.7
453.2892;7.4
453.3877;5.2
453.4105;4.5
453.4462;5.2
453.8334;4.2
454.2024;909.3
454.4348;4.4
454.593;5
455.1701;53.9
455.2032;57.5
455.268;528.2
455.3059;12.1
455.8742;5.1
455.9445;4.4
455.9651;5.1
456.0802;4.8
456.3124;4.2
456.3414;4.5
456.5811;4.3
457.0827;4.1
457.2513;95.7
457.3206;28.8
457.4281;4.5
457.4534;6.8
457.5225;3.9
457.5517;4.6
457.6406;12.4
458.2616;5.5
458.5265;5.6
458.8931;9.5
458.9964;4.9
459.0232;4.4
459.0513;173.6
459.1568;31.5
459.1952;39.8
459.2313;59.4
459.2619;54.8
459.6667;4.3
459.818;4.7
459.8737;220.3
460.0082;5.6
460.058;5.5
460.4223;4.9
460.4461;11.2
460.4782;4.3
460.9252;5.1
460.9679;4.5
461.0478;268.5
461.1893;52.4
461.2573;266.8
461.2934;365.5
461.3785;4.6
461.8704;556
461.9426;4.4
462.3788;12
462.4103;32.3
462.8519;56.3
463.0111;5.2
463.0785;29.3
463.0911;9.2
463.2008;4.8
463.2733;1516.2
463.3093;293.7
463.6516;4.2
463.8678;438.7
463.9124;4.4
464.1163;791.6
464.1432;14.9
464.2766;281.8
464.8499;322.9
464.8718;5.8
465.1741;5.4
465.3035;297.5
465.3405;619.8
465.8647;98.1
466.3427;35.9
466.385;4.3
466.4942;4.7
466.8465;275.1
467.2761;57.7
467.4959;9.7
467.5703;4.5
467.8334;4.1
468.0268;5.2
468.1319;45
468.4485;49
468.486;3.9
468.8034;4.7
468.844;37.7
468.9714;19.2
469.0014;34.7
469.2508;31.5
469.2839;637.6
469.3685;5.2
470.2278;5
470.3169;19.1
470.6465;5.4
470.8331;4.2
470.9297;4.2
471.2673;194.5
471.3176;4.1
471.7023;4.8
471.8933;4.1
472.0445;4
472.0517;5.9
472.0609;4.6
472.1719;4.7
472.516;60.7
472.5419;5.3
472.8824;15.4
473.0292;4.5
473.2473;16.1
473.2822;14934
473.3172;4.8
474.1064;4.2
474.2548;4.3
474.2856;4480.4
474.6975;17.3
474.7908;4.9
474.8782;82.2
474.9983;4.7
475.0635;51.7
475.1554;4.6
475.2131;700.8
475.2352;56.2
475.2639;236.6
475.2888;514.9
475.3826;51.9
475.8254;4.8
475.9935;22.9
476.2154;118.8
476.3023;28.2
476.8745;35.3
477.0584;65.4
477.2531;101.5
477.289;273.6
477.3308;35.5
477.9718;4.6
478.4157;4.8
478.4739;4.5
478.6125;4.3
479.2332;45.5
479.3019;7.1
479.3561;570.4
479.7224;5.4
480.0842;5.1
480.3602;52.3
480.8871;4.9
481.1616;46.6
481.2497;23.1
481.8889;5.1
482.1385;4.3
482.9265;4.9
483.0958;4.1
483.1976;45.3
483.2988;470.4
483.9006;4.4
484.3054;44.5
484.4076;3.8
484.5913;4.7
485.0975;4.5
485.2212;517.8
485.2795;522.1
485.3491;94
485.4514;4.2
485.8359;5
485.9671;9.6
486.0075;5.4
486.2927;4.9
486.3246;5
486.995;5.2
487.0608;4.8
487.2611;261.7
487.2964;22
487.4535;6
487.8153;5.5
488.2771;46.7
488.4699;5
488.8079;4.9
489.2779;437.5
489.5908;25.6
490.1667;4.7
490.256;4.4
490.2807;6.6
490.4026;47.1
490.47;5.3
490.9988;4.4
491.2329;59
491.3395;79.3
491.6771;4.8
492.27;5.1
492.3694;4.2
492.5174;4.3
492.5509;4.6
492.7813;5.3
493.2955;7.7
493.3709;215.1
494.2618;1742
494.316;4.3
494.5147;4.2
494.5709;46.8
494.6222;4.9
494.7427;31.9
494.7857;5.6
495.1917;73.6
495.2121;109.7
495.2645;315.6
495.3278;52.7
495.7624;4
495.9642;43.8
496.1181;4.5
496.4401;4.6
496.5032;5.3
496.9754;4.3
497.1891;4.7
497.2712;77.3
497.3306;7.2
497.8006;4.1
498.7766;4.6
498.9803;5.9
499.1121;47.4
499.2048;1303.7
499.2943;299.7
499.3649;221
499.8298;4.3
500.208;97.2
500.2711;4.3
500.3435;4.4
500.3664;48.9
500.5035;5.1
500.6467;5
501.0393;4.7
501.1344;434.4
501.2294;49.3
501.2743;9.6
501.6132;5.1
501.9747;4.4
502.1365;77
502.7836;4.4
503.1259;9.6
503.1389;10.8
503.2452;1468.1
503.2998;4.2
503.4131;22.2
503.6366;4.6
504.2484;114.5
504.3615;4.7
504.9924;4.1
505.0882;5
505.1971;50
505.2444;36
505.2725;168.4
505.3178;101.5
505.5381;3.8
505.6578;4.6
505.9538;4.4
506.3074;4
506.7542;4.2
506.8567;4.5
507.2317;4.3
507.2824;6.2
507.3372;50
507.388;7
507.4619;4.7
507.6828;46.3
507.9506;21.3
508.6966;5.4
508.8765;5.3
509.3017;4.5
510.3538;5.5
510.5636;5
510.6522;5.2
512.1145;5.3
512.2143;4.4
512.2597;43
512.4651;5.4
513.0554;4.1
513.3105;431.5
513.5056;5.2
513.8776;5
513.9312;4.3
513.9855;4.6
514.0243;4.7
514.0956;50.8
514.126;4.4
514.2864;5.6
514.7729;9.6
514.8604;5
515.0914;9
515.1499;44.5
515.4115;26.7
515.8023;5.2
516.0513;4.3
516.0861;27.3
516.118;23.5
516.1833;459.6
516.2196;4.5
517.0601;7.9
517.1357;6.5
517.4298;117.7
517.4622;4.2
518.2646;8.6
518.2918;4.6
518.3135;53.5
518.3355;4.6
518.8174;4.3
519.0353;5.1
519.3716;83.7
519.5217;5.2
519.6707;4.3
519.886;5.1
520.3679;4.6
520.4936;5.3
520.5339;4.7
521.1685;9
521.2716;4.8
521.6364;4.5
522.307;4.1
522.4565;4.9
522.5067;5.1
522.5146;6.4
522.5235;4.2
522.5819;6.1
522.6403;4.8
523.2413;249.1
523.2954;26.2
523.6446;4.4
523.8451;7.8
524.2895;43.3
524.5836;4.4
524.8599;5.3
525.3849;23.5
525.9799;4.3
526.0599;4.8
526.2151;49.2
526.4216;4.5
526.9461;28.7
527.2526;549.7
527.3252;135.2
527.3568;5.2
527.6954;5
528.2568;59.7
528.2817;124.8
528.3702;4.3
528.6964;4.3
529.0678;4.8
529.1458;49.6
529.2087;45.9
529.2398;6.1
529.2855;67.1
529.3051;179.8
529.462;4.7
529.7878;4.4
531.1499;5.6
531.2394;112.6
531.7218;4.7
532.6715;20.9
532.885;4.2
533.3877;564.2
533.4206;581.8
533.9657;4.6
534.2358;5
534.3062;4.3
534.3929;41.8
534.426;29.8
534.4937;5.2
534.6769;6.2
534.6843;7.1
534.8961;4.5
535.0345;4.3
535.2917;38.2
535.3419;68.5
535.37;4.9
535.3945;4.4
535.4362;159.7
536.9042;4.6
537.1958;49.9
537.258;5.4
537.338;5.1
537.625;4.4
537.6817;3.9
537.7383;4.4
537.9242;12.9
538.0489;41.9
538.2099;4.6
538.5542;4.3
538.6016;5.3
538.9089;4.4
539.1333;97.9
539.2178;5.6
539.2587;4.6
539.2814;47.5
540.2083;4.5
540.4087;8.6
540.9163;4.6
541.1313;101.8
541.5153;4.2
541.6497;4.6
541.9295;4.8
541.992;4.7
542.2458;75.8
542.6444;22.1
543.3198;108.4
543.4447;5.4
543.5043;4.1
543.9105;4.8
544.4399;4.6
545.238;4.8
546.0826;5.4
546.299;5.2
546.3288;4.6
546.7135;48.3
546.8051;4.3
547.1272;4.8
547.4025;231.9
547.4666;5
547.7187;4.6
548.0034;4.8
548.5107;5.9
548.7043;8
549.2185;56
549.389;29
549.4212;41.6
549.4804;4.4
550.0679;4.4
550.2898;40.4
550.3489;5.1
550.5285;4.2
550.6976;4.9
550.7769;4.1
551.0925;13.8
551.1782;199.3
551.5004;5.1
551.7335;126.7
551.7582;123.5
551.9794;5.1
552.2994;5.5
553.2317;217
553.2694;4.9
553.5687;6.8
553.8727;5.8
554.4821;5.5
554.5611;4.2
554.7259;4.1
554.8327;5
554.9277;4
555.0122;4.7
555.2843;5311.2
556.2877;1443.6
557.2792;224.1
557.3354;132.2
557.7523;4.5
557.8764;4.6
557.9223;4.5
558.2412;30.6
558.3448;5.2
558.7049;4.4
558.8752;4.6
558.9339;5.3
558.9437;5.8
558.9616;3.9
559.1076;18.6
559.1847;28
559.2044;4.8
559.2718;318.5
559.5977;4.8
560.2752;135.2
560.9651;4.8
561.1637;4.8
561.4196;935.4
561.4523;1424.2
562.1899;4.4
562.3845;4.6
562.4239;160.6
562.455;458.8
562.5405;4.7
563.3538;8.9
563.4689;551.5
563.7005;4.5
564.1434;5.4
564.1924;33.5
564.8104;17
564.8453;5.2
564.867;5.3
565.0846;4.6
565.9535;5.7
566.7768;4.4
567.3994;5.2
567.9318;4.7
568.0636;30.2
568.0855;5.7
568.3597;8.6
568.6167;4.3
568.7182;5.7
568.7465;21.2
568.8277;4.6
569.3965;272.2
569.6087;5.9
569.8385;5.5
569.853;7.5
570.3217;3.9
570.6544;5.3
570.9741;4.6
571.0634;4.6
571.2634;95.7
571.3526;123.7
571.4127;96.3
571.5009;50.5
571.5739;5.3
572.1205;4.2
572.2645;42.3
572.8723;5.2
573.8043;4.6
574.3345;40.9
574.694;5.3
575.2644;4.8
575.4331;28.4
575.9849;5.6
576.4002;8.6
576.9109;5.3
577.0139;5.1
577.0589;4.5
577.0954;4.7
577.1421;4.2
577.2938;4.5
577.4464;282.5
578.2525;13
578.3238;28.8
578.6976;5.3
579.1384;4.5
579.3959;4.2
579.4732;4.4
579.6138;4.6
581.0961;4.8
581.2509;5
581.594;5
581.81;5.2
582.0032;5.2
582.1097;31.5
582.2886;61
582.9726;5.3
583.225;4.4
583.2722;52.2
583.3235;46.4
583.4123;4.5
583.4579;9.3
584.8147;4.2
585.1058;4.9
586.1921;4.9
586.6634;17
586.8369;25.3
586.9461;4.9
587.3436;48.5
587.3911;4.2
587.6252;19.8
588.063;4.2
588.1621;5.6
588.1974;59.5
588.9093;4.6
589.5065;7.8
589.6119;4.6
590.7003;5
590.8385;4.7
590.9752;4.2
591.2444;136.1
591.9947;46.5
592.0223;4.6
592.2606;4.3
592.8;5
594.4394;4.6
594.7501;4.6
594.8165;4.9
595.2091;4.3
595.4929;5.8
595.7541;21.7
595.9905;5
596.146;4.5
596.2014;4.3
596.6567;4.4
596.7412;4.7
596.8294;5
596.9929;4.3
597.2339;5
597.2899;35.5
597.429;758
598.2289;4.4
598.3712;4.4
598.4321;248.1
598.6702;5.1
598.795;5
599.4442;332
599.6886;6
599.8118;4.2
600.307;72.1
600.4467;62.8
601.3597;8.4
601.4413;61
602.2799;55.6
602.8118;29.3
603.1879;5.1
603.7275;4.1
603.7839;18.7
604.0536;4
604.3955;4.6
605.1327;4.4
605.891;4.4
606.1819;4.8
608.1418;4.9
608.8502;5
609.155;4.4
609.6386;4.5
609.8418;4.5
611.3952;4.8
611.9336;8
612.2998;4.7
613.3969;31.2
614.382;4.8
614.4245;4.6
614.5279;4.5
614.7819;25.9
615.1278;12.8
615.3752;58.9
615.4435;48.9
615.538;21.6
616.0922;4.7
616.328;4.5
616.3664;5.5
616.7245;5.7
616.859;5
616.9017;4.6
617.1725;4.6
617.4446;4.8
618.339;4.4
618.548;53.1
618.5593;50.8
618.5724;48.2
619.1894;5.5
619.7345;4.8
619.9465;4.6
621.3203;4
622.9598;4.3
623.1956;49.1
623.2745;20.8
623.7936;4.7
624.2752;4.7
624.3177;4.2
624.5748;5.9
624.7057;4.1
624.8013;4.3
625.1246;4.5
625.2375;4.9
625.3036;4.8
625.7438;5.7
625.7642;5.7
625.7747;4.6
625.9116;4.2
626.1661;4.7
626.8248;4.7
627.3207;760
627.47;4.7
627.6484;5.2
627.8847;5
628.0035;5.3
628.0435;4.7
628.3237;134.5
628.583;5.2
628.7609;4.6
628.8437;5
629.5056;4.8
629.5523;19.3
629.9013;4.9
630.6856;5.5
630.9035;4.6
631.2554;4.7
631.3886;4.7
631.8261;5.2
632.0127;5.4
633.3249;51.8
633.5428;4.4
633.6613;4.8
633.9825;4.2
634.0893;4.9
635.1698;6.3
635.3822;4.1
635.8301;5
636.1446;41.6
636.2233;4.5
636.4243;5.5
636.8177;4.3
637.1916;5
637.23;5.2
638.1067;5
639.2343;4.3
639.8132;4.7
639.9683;4.6
640.0841;4.7
641.1556;26.4
641.2248;4.4
641.4252;48.2
641.6338;4.9
641.8735;4.3
642.4459;12.6
642.7052;8.4
642.9995;4.5
644.4988;4.7
645.886;43.1
646.1723;9.5
646.2578;734.8
646.4611;4.9
647.0713;4.7
647.4329;4.8
647.5115;5.2
647.6418;5.1
648.1039;52.9
648.4712;4.5
648.6401;4.8
648.8274;4.2
649.0304;5
649.0715;4.2
649.6907;5
649.784;4.5
650.3846;81.1
651.9116;5
652.3385;4.7
652.5345;4.6
652.7119;4.6
653.2606;4.7
653.298;72.4
653.6022;5.2
654.1288;4.4
654.5225;4.7
654.6003;4.7
655.3518;2425.6
655.4414;113.9
656.0745;7.8
656.3547;783.9
656.4;51.8
656.5212;39.3
657.3274;121.8
657.5867;286.5
657.6317;4.4
657.7077;4.2
657.8557;4.7
658.5334;5.1
658.5904;43.7
659.4959;5.8
659.7608;8
660.0212;5
660.3052;5.5
660.7161;6
660.7519;4.5
660.9234;4.6
661.038;49.5
661.4844;5.4
661.8714;4.4
663.4464;22.4
663.708;4.5
664.2312;6.6
664.2432;4.2
664.3033;4.9
665.2593;4.3
665.4861;4.5
665.8066;4.8
666.1961;4.7
666.4607;28.4
667.3847;25.8
667.403;27.6
667.6336;45.8
668.2548;5.1
668.327;636.8
668.3852;5.8
668.4867;4.2
668.5473;29.4
668.9428;4.7
669.1686;5.3
669.458;274
669.5845;4.3
669.9366;23.8
670.2713;5.2
670.4607;73.7
670.8184;27
670.8812;7
671.0609;8.1
671.0834;5.5
671.2685;662.7
671.34;64
671.5823;60.9
671.6131;5
672.2372;236.4
672.2712;218.2
672.5842;33.9
673.1857;4.5
673.2652;51.5
674.147;9.1
674.7389;42.1
674.9528;5
675.9597;4.8
676.0876;4.8
676.2087;5.7
676.4658;4.8
676.602;5.5
677.3876;46.7
677.7961;4.7
679.5809;4.9
679.7152;5.4
679.8416;6.4
680.0184;5.8
680.4234;34.1
680.4555;4.4
680.7997;5.2
681.2303;44.1
681.2956;34.8
681.4387;5.6
683.1132;4.8
683.1825;17.2
683.2311;4.9
683.3831;2434.9
684.3862;801.2
684.5636;4.4
685.39;31.2
685.6343;4.8
686.763;4.8
687.1637;5.4
688.0518;5.4
688.1249;4.6
689.354;206.4
689.4079;4.2
689.5251;4.6
690.2346;4.3
690.2746;43
690.7101;4.3
690.7948;4.8
691.0448;4.4
691.4885;5
691.6508;4.6
691.8903;4.7
691.9492;4.8
692.1039;4.8
692.2058;4.4
692.4861;5.3
693.4898;2842.9
694.4931;1119.8
694.9528;16.2
695.0009;8
695.4863;896.3
695.61;5.3
696.0343;4.7
696.4901;316.5
697.3388;4.8
697.4899;142.8
697.5619;4.9
698.0122;4.4
698.0549;5.5
698.1042;4.2
698.308;21.4
698.8897;4.3
699.7243;4.6
700.6127;4.4
701.1472;4.7
701.6578;5.1
702.026;11.4
704.7953;5.1
705.3599;11.3
706.2003;4.5
706.9123;4.3
707.1156;16
707.2742;6.3
707.4011;27.8
707.7141;15.1
708.07;4.6
708.9515;45.9
709.2815;4.5
709.3917;4.3
709.4457;29.9
709.5238;4.4
709.6837;5.2
710.2662;5.1
710.5097;4.2
710.5466;4.5
710.9027;5.7
711.4148;165.8
712.4161;19.7
712.9267;4.4
713.1815;149.2
713.5888;4.6
714.1815;53
714.4556;5.7
715.2779;48.4
716.0663;4.5
716.6892;4.6
716.7307;5
716.8397;5.7
716.8768;4.4
717.0799;4.4
717.3626;5.3
717.4245;24.9
717.6839;5.2
717.7611;4.3
717.8155;9.3
718.1774;4.5
718.3238;4.5
718.3946;4.4
718.5599;5
718.8248;4.8
718.9658;6.2
719.3172;5
719.7216;17.5
720.706;6.2
720.9118;4.5
721.0147;4.4
721.1385;4.1
721.2916;4.2
721.5211;13631
722.5245;5905.6
722.6371;4.6
722.883;5.5
723.2919;4.5
723.5172;4359
723.7479;4.8
723.9479;4.6
724.0025;5.6
724.4395;5.1
724.5213;2269.1
724.9642;4.7
725.1714;12.9
725.3297;4.3
725.4021;7.8
725.5261;317.4
725.7971;4.6
726.2928;30.3
727.6317;5.1
727.7607;51.1
729.7129;4.8
730.8558;4.4
731.2998;10.5
731.718;4.8
731.9368;4.7
732.0971;8
732.5436;7.8
733.7321;5.3
734.9702;27.3
735.1586;6.7
735.5012;90.9
735.9793;5.9
736.5036;85.5
736.563;5.2
736.8974;4.7
737.5045;62.4
737.5183;60.3
737.5864;4.3
737.7038;5.2
737.7157;5.9
737.7316;4.2
737.9283;4.4
738.5989;4.3
739.2408;43.5
740.3541;4.7
740.398;5.5
742.5554;5.4
743.4671;20.6
744.5446;4.6
744.614;4.3
745.1817;4.4
745.3593;92.2
745.4094;4.9
746.3593;112.1
746.6891;4.9
747.443;5.4
747.5392;88.8
749.3514;526.6
749.5524;14715.6
750.3535;193.8
750.4427;4.3
750.5558;6818.6
750.7668;5
750.9445;4.7
751.361;161.9
751.4964;50.2
751.5489;4953.6
751.6725;4.7
752.5524;2238.4
752.6862;4.6
752.7715;4.7
753.4908;218.4
753.5554;394.2
754.2519;5.3
754.2935;4.9
754.5612;46.3
754.882;4.9
754.9412;8.9
755.5774;4.5
755.686;5.5
755.875;4.6
756.1125;5.1
756.1518;4.2
756.2779;4.2
756.3435;56.6
756.3937;622.4
757.3957;138.3
757.4581;4.9
757.6087;5.2
757.7043;5.5
759.247;4.7
759.8063;4.9
763.1838;4.5
763.4237;28.5
763.5303;191.4
763.6819;4.2
764.4613;4.9
764.8034;4.1
765.0854;4.9
765.384;53
765.5078;52.3
765.5486;98.9
765.9335;25.1
766.6092;5.5
767.1291;4.4
767.2631;5.3
767.5413;44.7
767.641;4.2
767.7528;4.3
768.3407;73
768.5234;4.4
768.5641;5.2
769.279;4.7
769.3682;91.5
769.5484;5.2
769.8202;5.9
770.5853;4.6
770.8037;5.1
771.8246;4.1
772.8699;4.7
773.1885;4.7
774.3313;821
774.9963;4.7
775.2503;5.2
775.3339;220.5
775.6521;4.9
775.8956;5.2
776.1855;24.6
776.6226;4.7
776.6444;6.1
776.6594;4.4
776.9648;4.8
777.0944;5.2
777.3224;4.2
777.5839;157.1
778.511;4.4
778.8395;11.3
779.0209;30
779.4341;4.5
779.6655;5.2
781.0992;40.1
781.5199;77.9
781.5463;8.4
782.5253;63.8
782.5982;25.4
782.8048;6.1
783.5282;49.4
784.1376;4.1
784.3376;4.6
784.6322;18.1
785.816;4.5
786.1571;5.6
787.5991;4.1
789.2139;251.9
789.5591;69.6
790.2157;111.3
791.166;5.1
791.4234;4.2
791.7824;4.6
791.9125;4.5
793.4066;111.8
793.5322;117
793.8557;5
794.5176;12.3
794.551;5.8
794.5697;4.6
795.2144;11.4
795.4496;4.9
795.4898;4.5
795.6695;4.3
796.1328;5.1
796.4215;4.9
796.4832;4.5
796.5581;4.9
797.222;4.8
797.7365;18.5
797.8433;5.5
798.3059;20.4
798.7526;5.4
799.223;4.5
799.9919;4.5
800.0785;4.5
800.9989;4.7
801.0732;4.4
801.8427;4.7
802.5079;5.5
802.5272;4.8
802.5472;4.4
802.8688;25
803.1981;5.1
803.5427;6.2
804.8866;6.8
805.331;5.3
805.8302;7.5
806.4429;4.2
808.5444;4.7
809.6787;4.1
809.9309;4.5
810.4015;44
811.9606;5
813.9145;5.4
814.336;4.6
814.8701;5.6
815.1345;5.1
815.3666;10.3
815.5208;49.3
815.6037;4.5
815.9106;4.1
817.614;4.3
818.0186;9.1
818.5607;5.2
818.6659;4.4
819.4259;1096
820.3036;4.6
820.4289;356.2
820.5001;4.7
822.4102;20.8
822.9715;5.6
824.0204;4.4
824.4763;4.7
824.9289;4.2
825.5832;5.6
828.1919;5.4
828.8171;4.3
830.1714;8.9
830.4907;4.5
830.9304;4.7
831.9834;5.8
832.0005;4.2
832.7328;4.5
833.2264;4.6
835.1199;30
835.3275;4.4
835.9487;5.8
836.2692;4.7
837.3956;5.8
838.0541;5
838.2649;4.4
838.2831;4.7
838.3033;4.8
838.3983;16.7
840.7845;4.8
841.9165;4.8
842.0849;4.7
842.5648;4.5
842.6449;5.3
842.8064;4.3
845.269;4.3
845.432;4.3
846.061;5.2
847.1266;4.9
847.5281;5.1
848.0281;5.6
848.3409;4.8
848.9321;5
850.2904;4.8
850.7616;6.4
851.5004;4.2
852.8254;30.8
854.1128;6.6
854.2018;5.7
854.5681;4.4
854.7248;5.9
854.7963;4.4
854.9362;6.7
855.0225;4.6
855.8104;4.9
855.9308;4.6
856.3472;4.4
858.806;5.1
858.94;5.1
859.8198;6.3
859.9316;19.1
860.485;4.4
860.5374;4.7
860.9127;29
861.1644;7.7
861.5454;4.1
861.7266;4.5
862.2114;15.7
862.4827;4.1
862.5595;6.3
863.2075;5.6
863.5035;4.5
863.6211;5.8
864.5562;5.5
866.3116;5.3
867.2594;42.6
868.1475;4.6
870.6993;4.5
871.7349;6.6
871.8531;4.4
872.7066;4.8
872.9168;108.1
873.5472;5.9
873.8171;4.1
874.5527;4.4
874.9324;4.7
875.7769;4.6
877.4802;45.4
877.6411;34.8
878.5214;5.2
878.8292;8.9
879.1503;4.6
879.3679;31.4
879.925;4.7
880.6602;4.5
881.2396;55.6
881.5418;4.4
883.2311;6.5
883.8771;4.5
884.1857;4.4
885.4088;4.4
885.5172;5.4
885.9227;11.7
886.8449;5.7
886.9253;5
887.4686;6.1
888.7999;4.6
889.8317;4.2
889.9128;25.6
890.1459;4.8
890.2116;5.5
890.6127;4.4
891.4468;9.7
892.6319;4.4
893.0087;4.6
893.2598;5
894.212;4.6
894.6903;4.4
895.152;5.6
896.9641;5.3
899.365;4.8
901.3037;11.1
903.7604;4.6
904.0292;19.4
904.5186;4.7
904.8579;4.8
905.3171;34.6
905.7253;4.4
906.174;5.8
906.578;4.7
907.1764;12.6
907.2267;4.9
907.9713;4.3
908.9724;8.8
909.1039;4.8
910.9052;32.6
912.0218;10.8
912.093;20.1
912.7285;4.3
912.7482;5.3
912.7671;4.3
914.3516;4.9
914.8604;5
916.6021;4.7
917.0903;4.2
918.7049;20.6
919.657;28.6
920.7573;4.9
921.0529;5.7
921.2876;5.3
922.2134;5.1
925.0342;4.2
925.5623;4.8
926.0191;4.7
926.2306;28.8
926.4862;4.9
926.7642;5
927.9433;4.6
929.8164;4.7
930.0319;4.9
930.5765;4.5
930.7681;6.1
931.9612;4.4
932.0881;5.1
932.6158;4.8
932.6983;4.4
933.8566;4.7
934.4846;5.5
935.4213;4.4
935.9322;5.4
936.006;4.5
937.7374;30.5
937.8939;6.1
941.202;4.7
941.8844;5
942.1234;4.3
942.5614;42.3
943.2664;5.4
943.5478;4.8
943.6435;4.6
943.9634;45.1
944.737;4.5
944.9275;4.3
946.1816;9.5
946.2911;4.3
946.565;4.9
946.6427;5.1
948.1028;5.2
948.2249;44.1
948.6502;4.4
948.7129;4.6
951.1931;5.4
951.4008;4.6
952.6628;5.1
953.0819;8.4
953.3479;29.8
955.1326;200.1
955.573;4.8
956.4847;4.8
957.0387;5.1
957.0578;5.5
957.0807;4.3
957.6393;4.4
958.2856;4.6
958.6033;45
959.0474;5
961.2123;5.3
961.5926;4.7
963.4625;4.6
965.2305;4.3
965.4544;4.6
965.593;39
965.8908;5.2
967.3837;20.3
968.4859;48.8
968.9256;5.3
969.1737;5.1
969.2733;4.5
971.9024;4.4
972.7224;5
974.3236;4.3
974.7518;4.6
975.8131;5.2
975.8651;26.7
976.1853;4.2
976.538;8.5
976.653;4.7
977.3976;28.9
978.2738;5.4
979.0832;5.7
981.5784;4.9
982.4161;5.4
982.9037;4.5
983.2956;4.9
985.2602;23.3
986.3571;5
986.5176;4.7
987.9536;4.2
989.0659;4.3
989.2217;27.1
989.3249;4.5
989.7383;5.9
991.1916;4.6
991.5252;4.6
992.0287;4.6
992.5059;28.4
992.6922;5.2
993.2378;4.2
995.6562;4.5
996.2455;5.2
996.3962;4.8
996.82;4.5
996.8774;4.3
997.7143;5.3
998.0874;5.3
999.2226;6.4
1001.2093;4.4
1003.9197;4.7
1004.1151;29.7
1004.6977;4.4
1004.894;4.6
1005.1543;27.5
1005.7493;5.8
1005.7799;5.4
1006.3597;4.7
1007.1945;4.6
1008.1598;4.2
1008.2009;5.8
1008.2199;4.8
1008.4054;4.5
1008.7936;5.4
1008.8631;4.4
1009.2621;10.3
1009.8144;5.1
1011.8121;4.2
1013.0782;5.2
1015.5777;4.1
1016.2107;4.4
1016.2389;4.7
1016.7526;7.6
1018;30.6
1019.6859;4.5
1020.1926;38.1
1020.9994;4.2
1021.6771;6.3
1021.7212;5.1
1021.7427;4.5
1021.8047;4.3
1022.1236;5.5
1023.8286;4.9
1024.3517;5
1024.6227;4.8
1025.012;5.7
1025.0995;4.3
1025.7526;49.8
1025.9325;44.4
1026.4985;5
1027.2507;4.8
1028.0963;4.7
1029.3103;5
1029.5867;4.5
1029.8594;4.4
1030.3204;5.5
1031.0232;6.1
1031.6489;8
1032.8402;4.8
1033.4992;5.7
1033.9048;4.8
1035.0718;4.7
1035.351;4.8
1035.4111;5.2
1035.9535;49
1037.6896;61.2
1038.0965;4.6
1038.408;5.9
1039.5245;4.7
1040.3122;33.2
1040.6194;23.2
1041.4925;44
1041.5842;4.6
1042.5361;5.3
1042.8262;4.6
1043.1488;4.9
1043.4673;4.8
1043.713;5.4
1044.2576;15.7
1044.9889;4.5
1045.4521;5.8
1045.5535;4.9
1048.6864;7.6
1049.745;4.4
1050.2103;5
1050.4265;4.3
1051.0043;4.3
1051.6354;4.5
1052.6793;4.5
1054.5728;7.1
1054.6115;9.3
1055.9525;20.5
1056.34;4.6
1056.6691;41.1
1057.5494;28.8
1057.6189;4.6
1057.7722;54.5
1057.822;57.9
1058.3958;4.7
1058.5422;5.5
1060.0978;4.9
1060.5221;4.8
1060.7852;6.4
1064.086;5.2
1064.2672;4.6
1070.3052;4.8
1071.7864;4
1072.6369;5.5
1072.762;5.3
1073.2683;28.7
1074.9352;31.6
1078.7819;5.1
1079.5419;7
1079.8662;4.9
1080.1085;4.6
1081.1494;38.8
1082.5183;16.8
1082.7912;5.3
1082.9786;5.3
1085.1093;5.3
1086.1615;5.2
1086.992;6
1087.0317;5.1
1087.0658;3.9
1087.8202;5.3
1088.3405;5.2
1091.2119;10.7
1091.3991;5.4
1092.4913;4.2
1092.7035;5
1093.1635;5.2
1093.5059;5.8
1095.8994;4.5
1096.9381;4.4
1097.5441;4.6
1097.6111;5.1
1097.82;4.7
1098.617;5
1099.662;4.2
1099.8306;5.1
1100.5639;6
1100.8216;5
1101.605;5.2
1102.2238;5.1
1103.1637;9.3
1103.3876;5.7
1105.3973;5.2
1105.7128;33.4
1107.4191;41.4
1108.7141;6.6
1109.628;10.8
1109.8382;5
1110.1565;4.4
1111.6528;39.3
1112.0286;4.9
1113.1503;4.8
1113.7515;4.3
1114.1763;5.3
1114.3742;4.4
1114.8206;4.7
1115.2388;4.3
1115.4147;4.2
1115.4802;18.9
1115.5564;5.3
1115.9886;4.2
1116.5706;44.7
1117.6229;4.9
1118.3509;4.5
1120.9479;8.7
1121.3148;4.8
1121.5021;4.3
1121.9085;10.6
1122.4338;6.8
1122.5788;4.3
1122.8815;11.3
1124.2852;4.6
1125.0732;4.8
1126.8639;4.3
1127.3078;16.6
1128.1981;4.7
1128.8302;32.7
1128.9481;21.6
1130.337;4.4
1130.4035;4.7
1131.3273;4.3
1132.1242;7.6
1133.5557;5.1
1134.2958;5.7
1135.4526;4.7
1135.6887;4.6
1135.9501;4.7
1136.8089;8.6
1139.4775;4.2
1141.0533;5.1
1141.305;5.5
1141.3785;5.1
1141.5643;4.8
1142.8478;5.6
1144.1386;4.3
1146.8226;5.1
1147.6562;29.2
1147.831;4.3
1149.3662;9.7
1150.8133;4.6
1150.8913;4.9
1154.7117;14.3
1155.1783;4.9
1155.5541;4.3
1155.9872;4.8
1158.0072;4.9
1158.1417;5.2
1159.3699;5.3
1160.1776;5.7
1160.5574;5.5
1160.9271;5
1161.3913;5.6
1161.9309;4.6
1161.9637;5.7
1163.5079;4.6
1164.2478;7.3
1164.3328;4.5
1165.6002;5.4
1167.7774;27.1
1168.2149;5
1169.1645;5.2
1169.3365;46.9
1170.5268;5.4
1171.1736;4.7
1171.7704;4.6
1173.9176;4.3
1174.2084;4.8
1175.3813;4.9
1175.8369;4.7
1176.16;4.7
1176.7812;4.7
1177.315;5.2
1177.4061;10.3
1178.3252;4.3
1179.9612;5.2
1180.8939;4.8
1180.9859;4.8
1181.3405;5.9
1181.5216;4.4
1181.6973;5.1
1182.0613;5.3
1182.7449;4.8
1186.5538;4.2
1187.4117;5.1
1187.6003;5.3
1189.0662;5.6
1189.3169;34.2
1190.3259;4.6
1190.7292;5.4
1191.0716;4.9
1191.7534;5.1
1192.6781;4.4
1192.8629;33.9
1193.2682;4.8
1193.4021;4.9
1193.8898;4.2
1195.1302;4.5
1195.5664;45.7
1195.7045;5.2
1196.2913;6.1
1196.9157;4.6
1199.6326;4.7
1200.8769;5
1201.1572;4.5
1202.4278;4.5
1203.508;9.5
1203.9302;5
1205.1062;4.7
1205.957;4.6
1208.0952;6
1208.3385;5.1
1210.9326;4.4
1211.4704;5.2
1212.2552;5.7
1212.3152;5
1213.5409;10.8
1215.1252;4.9
1215.2569;5.7
1215.4811;4.2
1216.2865;5.2
1216.4616;4.9
1216.5826;5.3
1217.1569;5
1217.6443;20.5
1218.3485;5.9
1219.201;5.1
1220.8436;4.1
1221.3747;5.2
1221.8144;5.3
1222.4581;4.4
1222.6974;5.2
1222.8147;4.5
1223.1224;5.4
1224.5883;26.2
1225.4703;5.2
1228.805;4.8
1230.2813;5.1
1232.2331;5
1234.8879;4.4
1235.9337;4.5
1236.5921;4.6
1237.2022;29.3
1237.5338;4.3
1237.6613;4.5
1238.3045;4.7
1239.4401;4.7
1240.2734;4.4
1240.763;47.1
1241.4622;212.1
1242.6436;5
1245.5981;5.8
1246.8091;4.6
1248.3442;5
1249.2523;18.9
1249.5409;4.6
1250.3057;4.8
1251.0056;5
1252.8668;5.3
1253.1972;5.7
1254.7944;4.8
1255.7973;4.5
1256.0622;7.6
1256.8598;4.8
1256.9474;4.6
1257.6893;5.7
1258.3612;4.3
1259.266;5.3
1260.5329;13.1
1262.0787;4.8
1263.111;4.7
1263.306;4.8
1264.3551;5.1
1267.4939;42.4
1267.604;4.1
1268.0151;5.1
1268.3256;6
1268.7426;4.8
1269.2071;4.6
1271.4858;168.4
1272.1301;4.7
1273.9198;5.1
1275.7454;5.5
1278.2042;5.1
1278.4651;4.6
1279.5763;5
1279.8321;23.2
1279.982;17.9
1280.1949;5.2
1280.4061;4.8
1282.827;4.6
1283.6795;4.9
1285.5349;4.5
1287.6465;4.7
1287.9445;4.6
1290.8405;7.6
1292.7391;4.6
1293.5313;17.3
1296.6152;4.1
1297.4064;4.7
1297.8493;6.6
1299.1221;4.6
1299.7774;4.6
1300.8558;5.1
1301.6393;6
1303.5054;10
1304.6056;4.7
1305.2495;4.4
1305.5867;8.4
1306.8469;5.4
1307.7787;5
1307.9144;5
1310.4787;4.5
1315.5154;4.6
1318.8289;4.7
1321.734;29
1323.4995;5.1
1323.8584;4.9
1325.5888;4.3
1327.1841;5.9
1327.9283;5.5
1328.4598;4.8
1328.5758;5.2
1328.8642;4.3
1329.0437;10
1330.4513;27
1330.8762;4.5
1331.0411;4.3
1331.583;6.1
1332.9589;6
1333.3363;4.8
1334.6167;7.3
1335.603;4.5
1338.0805;4.8
1338.3203;5
1338.7235;4.7
1338.8333;4.6
1340.2538;5.7
1340.8717;4.8
1341.878;23.4
1342.0369;4.7
1343.7202;4.9
1345.2733;6
1347.6261;4.9
1348.0776;4.5
1349.0222;5.1
1351.2477;5.2
1351.2837;5.6
1351.3174;4.8
1352.1669;4.7
1352.29;5.7
1352.5257;5.2
1354.7604;4.5
1356.6068;4.5
1358.6095;4.5
1360.8336;5.1
1361.5474;4.6
1363.4433;5.2
1364.1276;41.8
1364.5259;4.4
1365.0705;30.5
1366.2705;33.4
1367.9851;4.5
1368.1971;4.2
1368.408;4.3
1369.255;4.9
1370.0319;4.7
1370.3888;4.6
1370.4181;5.5
1370.4525;4.3
1372.1228;4.4
1374.5491;4.7
1374.9509;5.2
1376.5468;4.5
1376.9258;4.8
1378.4933;5.9
1378.5235;6.8
1378.5817;4.8
1379.5848;5.1
1380.1524;5.6
1382.35;12
1385.4119;5
1385.7355;4.7
1388.1733;5.4
1388.7841;6
1390.404;9
1393.2161;27.4
1394.966;9.5
1395.2381;4.1
1396.2838;4.7
1397.0564;4.4
1398.532;4.5
1399.505;5
1401.7566;4.8
1403.8816;7.7
1404.7295;9.9
1405.4595;4.7
1406.5199;5.2
1406.9094;5.3
1407.9767;6.3
1408.5184;28.8
1408.8359;5.2
1411.0062;4.9
1411.1879;5
1411.7646;4.3
1411.9376;46.4
1414.7349;33.9
1418.4332;6.1
1419.3381;5.1
1421.0228;4.2
1422.1082;4.8
1423.931;8.6
1424.4457;4.6
1424.765;37.4
1426.4602;5.5
1427.0562;4.6
1427.261;9.6
1428.5887;5.3
1431.2082;26.7
1431.4257;4.9
1431.5303;4.6
1431.6957;8.4
1435.3836;4.5
1436.3144;19.3
1437.3467;7.1
1437.6657;4.3
1438.8997;7.7
1439.7055;4.8
1440.1359;4.6
1440.3521;5.2
1440.5709;4.3
1442.1619;9.4
1442.3901;4.7
1443.8895;4.8
1444.0942;4.6
1444.1725;5.1
1444.4175;4.9
1445.9753;5.6
1447.4183;5.2
1451.7221;4.7
1452.4113;4.8
1453.7772;4.5
1453.9402;4.9
1454.0861;7.8
1454.9318;4.9
1455.8936;5.8
1456.0793;5.5
1458.0782;4.6
1458.1762;5.9
1458.3029;5.4
1458.4954;4.9
1458.6673;4.6
1459.1941;4.6
1461.4142;5
1463.4808;5.7
1464.2771;25.8
1464.8741;5.2
1466.8417;15.1
1467.1899;4.6
1467.4708;9
1468.4236;5
1468.9518;5
1469.4986;4.7
1469.6924;11.2
1470.6049;7.2
1470.9133;5.2
1471.0332;4.9
1471.4483;5.7
1471.8743;6.7
1475.634;5
1476.0082;5.2
1476.6566;21.9
1477.0065;6.1
1477.168;5.3
1477.434;329.9
1478.0898;4.4
1478.4615;4.6
1478.6083;4.2
1478.7801;4.7
1479.2514;4.7
1480.1937;4.6
1480.6484;5.2
1481.2718;5.4
1487.0237;4.7
1489.2854;5.2
1491.151;12
1492.7144;4.8
1493.6714;4.6
1493.8572;9.7
1497.5395;5
1497.6561;5
1497.7548;4.7
1498.9612;6
1499.1952;5