"","V1","V2","V3","V4","V5","V6","V7","V8","V9"
"150.974989374054",0.000389990306044177,0.00149355503205194,0.00170010941907776,0.00505772574753448,0.000553992101495886,0.000810849251993977,0.0018409597670073,0,0.00602544516477184
"152.990264374054",0.000199890905934283,0.00188147872095287,0.00264961982479879,0.011670319521594,0.000384115028504287,0.000733144923551984,0.00142335959921824,0.00024027182016259,0.00230780400823058
"157.112593635316",8.29950338894658e-05,0.00626177313654187,5.64842130635884e-05,0.00860006563929323,3.64383451590517e-05,0.00062806112464626,0.00349333095307307,0.000222856029603797,0.000171110247930967
"162.906033333333",0.000545415890785395,0.00220786948966848,0.00139216204741434,0.00458468738466053,0.000730082903472819,0.00145906705153371,0.00127241365494442,0.000301006559379159,0.000215540236141408
"165.000072913339",0.000880222918358128,0.000891598174793896,0.00538164932337098,0.00588914168294952,0.00249102713949262,0.00171564629708746,0.00219907178544873,0.00028650689133248,0.00409933728241998
"167.007530760593",0.00203580358413694,0.00564646163975485,0.0073549989086819,0.0103389240541209,0.00270535325060967,0.00192880444139432,0.0026476780828766,0.000279371815853809,0.0104113589779161
"167.070326968649",0.00146137537946038,0.00248638145792763,0.00351698015883844,0.0044656982814867,0.00187383396124173,0.0015119322640493,0.00276144513875799,0.00039202292713472,0.00459770808900483
"168.035152498739",0.000713671204365309,0.00200788506033754,0.000321704551406363,0.00292515400323631,0.000683925876737121,0.000573602500417579,0.00112433471753377,0.000391564050917706,0.00179177084816332
"168.854952498739",0.00114739712631408,0.00750497426601796,0.00242695391119431,0.00992314422572609,0.00189105663423112,0.00204446990728236,0.00502851043596425,0.000391174149623662,0.00221337012447185
"168.971649528762",0.00313346639018327,0.0101891830188265,0.00971905925383312,0.00958900818609519,0.00209426225892554,0.00301826958322573,0.00571171129243652,0.000424334761777153,0.012165780059104
"169.090039374054",0.00271855873418881,0.00948458655543718,0.0100160205478138,0.00662229693328184,0.00171767665532553,0.00205738300182053,0.00259364442391537,0.000410731952429531,0.0111351798755462
"170.948485832072",0.00194899084840769,0.00731732207692575,0.0090553136393551,0.00459657885967309,0.00213972589704198,0.00263143302148166,0.00483702604511463,0.000403895527815619,0.00774654365625426
"171.071999528762",0.00327321971923827,0.0107499808428562,0.0109981905925233,0.0143091782776205,0.00410758211834875,0.00466858250280773,0.00871220978708855,0.000375765669730433,0.0139221339638233
"172.09067673215",0.002180560604457,0.00827031072513316,0.00625690124268695,0.0101404398811142,0.00331200004720506,0.00297237183074664,0.00302265649658546,0.0024800310416562,0.00175533006743439
"172.957379467388",0.002030611147807,0.000783286493177796,0.00449415101313777,5.06804428202919e-06,0.00248085378819954,0.0016674844980779,0.00490443117572895,0.00217021994631738,0.00265357050078817
"173.065759332021",0.00306701908110672,0.00995272433435151,0.0104482440022626,0.0109284875601928,0.00382961742998736,0.00312191897090448,0.00356828394922656,6.89851627671159e-05,0.0131708163128609
"174.042206541133",0.00172026850254399,0.00786009710820689,0.00530036358399033,0.0133206918605326,0.00204866599066629,0.00163082169944319,0.00116754880762553,0.00049794609853698,0.000532527016459062
"175.004059332021",0.00264225772736851,0.00837539698400767,0.0105698186903242,0.0150488382185183,0.00231086291760802,0.00238340630304334,0.00386856223578034,0.000503375451550571,0.0102710500920564
"175.0634",0.00249999082731335,0.0111753958542646,0.00474301906717397,0.00788778363993085,0.00187444510776336,0.00210083811634543,0.00305445569154131,0.000817618694496956,0.00949010315724043
"176.977412800721",0.00150876033098307,0.00245260744953997,0.00509235016620697,0,0.00249419286928716,0.00277809704255737,0.00542793075756065,0.00094103229995762,0.00428518140226284
"177.034945046307",0.00243890366226767,0.00930707995722324,0.00717051852265037,0.0247149892866614,0.00279656704260302,0.0029632213804557,0.00503897635668542,0.000861806206339582,0.0085388040888612
"179.052187028762",0.00420145965791545,0.0226107236265538,0.0176411074889467,0.0420727616310561,0.00394995030590709,0.00377142733874143,0.00566552452702746,0.00547607252432636,0.0257067093971655
"179.148752498739",0.00201379754615789,0.00307074831830817,0.00573080772188551,0.000755274645309064,0.00165481541040454,0.00221222212315601,0.00253969670076419,0.00387066699153283,0.0030748938570424
"180.063939374054",0.00107637753700394,0.00314622160368803,0.0021144690846508,0.008993027894062,0.00101501013165146,0.000968324509254301,0.00138219673138977,0.0043372060998803,0.00448759368913007
"180.982019165405",0.00602758943439921,0.00184031854717034,0.00984340842136787,0.00464607813911689,0.00691311870932729,0.00323435009882552,0.00540569589501761,0.00733873431278548,0.00629660068651497
"181.019460391072",0.00658260227082838,0.0426538777870146,0.050745765323777,0.0532979568255558,0.00721189441769811,0.00443307359784273,0.00653767876163571,0.0110030662285763,0.0702624082334464
"181.085610180698",0.0053980167823686,0.00724274809772582,0.00986422595391675,0.00467657258830967,0.0042770238967416,0.00285548325235941,0.0041440597255555,0.00576656331372704,0.0129110389193867
"182.002941815776",0.00194366589255733,0.00861946731748736,0.0103741609138836,0.0114620874937958,0.00162728798036806,0.00118481204814318,0.00174986847911879,0.00379998715105821,0.0154345518616047
"182.954673252299",0.00305556802085624,0.00686455431508687,0.00864186214761592,0.0108522398377185,0.00345292878189915,0.00179907655550829,0.00260986402207574,0.000134369001113519,0.019099532692861
"183.02215409135",0.00378228490907355,0.00723868276006437,0.00472753954200573,0.00653045588644612,0.00401800829398544,0.00196376642093765,0.00437683436783455,0.000572616696759462,0.0115684785385784
"183.976452987064",0.000667068731784159,0.00165791865730719,0.00169721267662839,0.0025282154826089,0.000550276749685065,0.000770879084929207,0.00179366488718178,0.000435417758773173,0.000233759671923939
"184.951104400836",0.00191000988631033,0.0107060102473676,0.00593956463540449,0.00787092678664702,0.00170081434431003,0.000762486999431802,0.000867105113610958,0.000455242829244766,0.010124976389869
"185.052107253634",0.00378799293647031,0.00904674490605692,0.010472860510466,0.00612649851939693,0.00285169859435611,0.00102468469822323,0.00513925880047434,0.000444526298044255,0.00561866546206322
"185.977105896781",0.00118546439006652,0.0175434765684923,0.0190115381546713,0.00695336334758992,0.00296265534786491,0.00199895143428561,0.000513209085406661,0.000712973835340793,0.0128228051723566
"187.059073331402",0.0035535803125392,0.000474959453765559,0.000607847664603889,0.000329859543403522,0.00303222564730732,0.00118507308731889,0.00434172939717782,0.000879987546291779,0.0159166892051426
"187.836635776448",0.000773124797796974,0.0100839424994939,0.00709440321465429,0.0103073192402765,0.00183247683523169,0.00114043990047771,0.000812519157735154,0.00187370564291384,0.000774164873696302
"188.504683360454",0.00190123458086981,0.00833200803464183,0.00839612876557982,0.00810742779946366,0.000796935758439938,0.00269205843531929,0.000861805835662033,0.00210824009461455,0.000604713377771675
"188.837832292319",0.000849565484576855,0.0030238488596176,0.00491960729524321,0.00915731465948198,0.000923498503097039,0.00207471915117961,0.00209564306813331,0.00222520017940535,0.000631276522350938
"190.736752542916",0.000222499278158633,0.00154182148666581,0.00494523703754706,0.012244841035216,0.000305458569569467,0.00053665634102242,0.00152003071755934,0.00358657216447694,0.000215820087023014
"191.021765925778",0.00102555474418054,0.000372493195974311,0.000206882170639991,0.00106317976011358,0.00139686846021288,0.000482441343443927,0.0043448074358811,0.00403784441842874,0.0167252441193068
"192.634151100642",0.000380917612755883,0.00423489769983775,0.0101461488721496,0.00429184056288788,0.000464107820309304,0.000618968335898506,0.000682529296985394,0.00371513488313028,0.000139590767535621
"192.739792377995",0.000197056491404745,0.00800108690487084,0.0104620487814958,0.00870241998724467,0.000480624138787998,0.000678286390520234,0.00126439872657514,0.00370186826708348,0.00027111908681436
"193.064370356518",0.00234729632308943,0.000530267181716357,0.000347847195643304,0.000597010890350308,0.00253746260641603,0.000617969477354117,0.00277535212119109,0.00366110719786694,0.0112758403946961
"193.829384955972",0.000297503326118526,0.00309730946866724,0.00339436766165421,0.000292110020199235,5.34931785715354e-05,0.00195694620369007,0.000698908659503682,0.0029994299571031,0.00275352731349258
"194.582103401547",0.000321499208696096,0.00526617141422665,0.00493203418574944,0.0208040542257032,0.000681343270617038,0.000438389623897922,0.000484964286392409,0.00278686769678461,0.00013985674561589
"194.739755375493",0.00146365631186115,0.0123441480220928,0.0139933085751611,0.00558487974014274,0.000720672514069027,0.000633095884676612,0.00203314077732384,0.00274234791635059,2.21295886407262e-05
"195.05988406893",0.00297665523851312,0.000522081575827056,0.00030674427532724,0.000278951999502872,0.00230127848103461,0.00078311347402349,0.0038277205466903,0.000817729692167971,0.0052285201809826
"195.637998479054",1.10293086623811e-05,0.00554885346277889,0.00231027524857331,0.00294941127396908,0.000138071033230014,0.00133019996246974,0.000480104755175179,0.000827135991771778,0.000633557360272993
"196.394878282071",0.00118280335077792,0.00297449294533158,0.00326009281121365,0.0104615297469424,0.000859864709561443,0.00167532033849128,0.00107287554502205,0.000795003537803537,0.000588405670785674
"196.627179073662",0.00130984784227435,0.0123124422607285,0.0151019865843807,0.00701504634768728,0.0013732090858352,0.00109919948393461,0.0012501571204908,0.000785141477192553,0.000642919989790858
"197.048948552658",0.00280481467256672,0.000371097474653068,0.000311982124766691,0.000218778587529841,0.00207937183046072,0.000628706822466775,0.00349380991757043,0.000507348835519604,0.00433928409742252
"198.334960701494",0.000366018207129723,0.00174623432836496,0.00193179803339562,0.00796915969844313,0.000425681434412989,0.00177195956580989,0.000431280193774912,0.000473543977821677,0.000314273094478482
"198.560881623058",0.000612349909722852,0.0179492880135717,0.00642144852825377,0.00844545337365246,9.25091076032484e-05,5.84572489622127e-05,0.00062230096575616,0.000491643310213769,0.000347335151531218
"198.655738530838",0.00107820207459866,0.00935738909552156,0.00546700103974534,0.0137687662802816,0.00109534994891662,0.00022107375878235,0.00065505026070592,0.000499242636082797,0.000484647623450898
"199.084060806814",0.00426307454553491,0.000695976796417547,0.000808218340616858,0.000359682475748006,0.00329119137707115,0.000656060563514637,0.00807933505769014,0.00310994888411909,0.0140887492141093
"199.552232397772",0.0010354927272448,0.0192458761216034,0.0198473305341159,0.00571390614265614,0.000263376002889514,0.000699237873116746,0,0.00187666885565621,0.00083521495577749
"201.056909886557",0.00241549524359336,0.000445749460718224,0.00022083038652205,0.000748040443029321,0.00218885511034111,0.00216275017618492,0.00375522004292523,0.00162339254459524,0.00757342670306794
"201.509025682023",0.000189810461836766,0.00581523915712546,0.00711774795017461,0.0101316942381445,0.000370546280345086,0.000783985376493953,0.00204061519887442,0.000257938747971485,0.000221848820299974
"202.079941879537",0.00253548778248907,0.000374727414301652,0.000291644838044824,0.000356241260035962,0.00330259400735092,0.000431510084242285,0.000607000441586567,0.000163103807181171,0.00152126751064505
"202.432885225681",0.000916191383562711,0.00357624481835104,0.00357087548975512,0.010043233893467,0.000403596946862021,0.00106882316885816,0.000760067905980221,0.000104476356287939,0.000368923121496057
"203.223751876762",0.000994379898068161,1.43051335887298e-05,0.00014107760309391,0.00345768004191324,0.00264417505933385,0.00309020054508236,0.00126485895172714,1.58415631137918e-05,0.00689599777577127
"205.13001031085",0.000646048720439166,7.14357959686852e-06,8.23366282915055e-05,0.00748223815197684,0.00214492489080911,0.000352591608977645,0.00281354256123343,0.000203631233170368,0.000295062665944905
"206.398256220481",0.000318435400650054,0.0225130081474042,0.0264757826722565,0.007766352150849,0.000127406422668913,0.00171077643496237,0.000700761141142481,0.000328568899890332,0.000143740712190441
"207.225013768985",0.00308319385524277,0.00702265113964191,0.00855102660781467,0.00171451397584516,0.00299543978645586,0.000915466375326729,0.00166417706846792,0.00274163681708115,0.0238784258376828
"208.21835057673",0.000558708841870528,0.0162383004909815,0.0159504692611433,0.0222939063993405,0.000961182592448122,0.000420820730712021,0.000364014604322457,0.00285391192993432,0.0053199310657528
"209.032191428055",0.00369494823348064,6.59694154248045e-05,0.000709592743970524,5.25868550149878e-05,0.00382759712368152,0.00200098975920084,0.00281491114548147,0.00201631641599346,0.0262260351555011
"209.185753536242",0.00152091562638594,0.00161738907868649,0.00135759049632438,0.00420441948948375,0.00169525435255044,0.00103888520940066,0.000408962183346539,0.00197813275066163,0.00814934696697441
"210.005332825944",0.000827372467897487,0.0191125643318368,0.00846032094949348,9.94073923777864e-05,0.000804573616273157,0.000687912680976181,0.000819436981542941,0.00177434197388503,0.0044773319148153
"210.266179625412",7.52998089867073e-05,0.00902402003793615,0.0123124792641535,0.00648323251300018,0.00057314408618847,0.000997897251171099,0.000768638674772114,0.00170948165768231,0.000300968351566467
"211.126876372615",0.00277109197959098,0.000445649045671918,0.00137861230141523,0.00209001390529801,0.00257511468815031,0.00069091493404659,0.00301731449147293,0.00111801715669259,0.0115414783841166
"212.1634805365",0.000590802800280288,0.00494734344123227,0.00477083981590874,0.0058427632290057,0.000507929913816287,0.000987887359906908,0.000923881609324369,0.000646666211736301,0.00010603348478861
"212.249917100468",0.000587276465539002,0.0117746961651594,0.0153176122863955,0.00736036041779838,0.000691654304708302,0.00116210578849036,0.000894922548443539,0.000624316955217535,0.000111487476954055
"213.066039217603",0.00284382212106976,0.00111861151568657,0.000414488052310641,0.000633935012227907,0.00263508380064672,0.0014211138376487,0.00404156924513722,0.000413298357194102,0.00673803797521624
"213.158143441356",0.00267845394118708,0.00457599049082666,0.0037178843896267,0.00302297998932343,0.00195848872840006,0.00100493433545931,0.00459030147883699,4.67829741330264e-05,0.0113642951541308
"214.093814997846",0.000768713636088644,0.00922880389913588,0.00608789003833628,0.0105046142264453,0.00118763341754049,0.000509356679695969,0.00234595712849787,0.00456425274982755,0.00045057017335555
"215.056013608589",0.00328973648549143,0.0213976365592458,0.0168862547494133,0.019485852236372,0.00345039044148923,0.00332788104437313,0.00549161234875851,0.00591937145951242,0.0313996985405203
"216.071860982852",0.00256502899486843,0.00444282964881418,0.00404693730682032,0.00933443621033698,0.00248068506523436,0.00116899966886227,0.000662707752095964,0.00157292265479994,0.00521180315980128
"217.08746113947",0.00155629419867096,0.00340943642163355,0.00174507610015223,0.00950585440100946,0.00202727421336039,0.00306120214200041,0.00234607519749066,0.00167229966310825,0.0200449428341515
"218.01290533038",0.00118291778879144,0.00940971313928323,0.00539417139756891,0.00659782671556355,0.00157896080609237,0.00129500948254212,0.00102554815749604,0.00174430773272891,0.00211355510932908
"219.218576934539",0.000553020499850918,0.00990105444041625,0.000652518431309455,0.0136216825981965,0.000388523520842415,0.000207844358871255,0.000935288797336028,0.0017727675813132,0.00175609779859694
"219.956853676255",0.000699250411705842,0.00924866265896467,0.00584271271821181,0.000778801524403257,0.000632683984474314,0.00201821148652663,0.00395464472653887,0.00189510520675965,0.000761608668607656
"220.164146317872",0.000875522798994587,0.00197269117276837,0.0031292317049896,0.00254055359033338,0.000735207050123471,0.00173363596385444,0.00529695703011022,0.00223611511005413,0.00782109525335594
"220.262732092638",0.000892491968802651,0.00677422406725767,0.00638494619176985,0.00524105765380952,0.000745768175970245,0.00175643177596092,0.00376540971858121,0.00222609504013784,0
"221.169804417237",0.00120085865747305,0.00756728773663309,0.00492904825058358,0.00505234660309025,0.00102575030771711,0.000847172684260753,0.00203097038799114,0.00183565667794105,0.00645433041999011
"222.063204372201",0.00150268926097805,0.00447577784032561,0.00445634338722041,0.00940902497257792,0.00100772416106375,0.00191874254619961,0.000333294792311468,0.00168894128174755,0.00036014514850431
"222.283139497386",0.0014356579341128,0.0209532455546853,0.0249649885945224,0.00755942656780564,0.00105921479069819,0.00151770876530607,0.000347264419851194,0.0016528232263916,0.000148295519541609
"223.209090712727",0.00267527359365471,0.00618343423058725,0.00677574682270723,0.00233939186556396,0.00240233585917849,0.000471713706065284,0.00205403483569632,0.000574838174674175,0.0221768960810095
"224.273142799066",0.00107975332925172,0.0156118016549519,0.01277750609785,0.0126238064445635,0.00116110926394673,0.000261705890980289,0.000592449685459369,0.000636568841185943,0
"225.083322550603",0.00369816055486558,0.00024599323700573,0.000409393079063585,0.00057757018916718,0.00313531546067096,0.00108911009432529,0.00380362287430174,0.000683571179416202,0.0104507189183827
"225.3221843633",0.00291847015898494,0.00477597509282592,0.00400431849040501,0.00295159701992869,0.00119490369856216,0.000458478854719668,0.00330344739925364,0.000697790221581607,0.000106412588499999
"226.106667062766",0.00108126216805088,0.00803197197875458,0.00236135107209897,0.0017392080936484,0.00124031417082768,0.000443417674779157,0.0016854255083546,0.000757505592618742,0.00267232386907377
"226.328409372594",0.00135632252395601,0.0240254542799203,0.0141675776902714,0.0107256160662019,0.00130426631379417,0.00133326899482605,0.00146955165000954,0.000730741004215073,0.000600141644913655
"227.104904869591",0.00483809121351335,0.000786771995768623,0.000703506761920705,0.000220490713353796,0.00363616285173824,1.1544818532168e-05,0.00629740471697649,0.0010542736367076,0.0203415875311544
"227.344291517629",0.00400273658665418,0.0057595106511835,0.00278299627907415,0.0028362221948367,0.00236360859382163,0.000407712286441485,0.00388619050429508,0.0023936781406781,0
"228.170029164724",0.0012047894507852,0.00761053649227272,0.00837091858277806,0.00262623889712891,0.0010558735842148,0.0006637757671364,0.00208429701992214,0.00230124723551926,0.0023732821805689
"228.361093691736",0.000570589996128852,0.0095407344505829,0.00655440798205112,0.0109976959430006,0.00051688236078269,0.00142034596985639,0.00179397891783006,0.00227985997379322,0.000654820455760166
"229.084270566397",0.00293560742742397,0.000265452601675262,0.000301847425403161,0.000208127039628189,0.00228155752389144,0.00299800021951292,0.00327848390118307,0.00219890945234126,0.00826883128737355
"229.394831987793",0.00216209882319889,0.00329390317018433,0.00169700900354114,0.00339527045223176,0.00135068192208039,0.00110120800152536,0.00161328906664638,0.00166157904887452,0.00015683143423859
"230.395753951317",0.000575983575240671,0.002462598930925,0.00245586461083753,0.00559422008002904,0.000811565629320758,0.00257278068267905,0.00220120397909169,0.00155542139475623,0.00011761646980154
"232.507472665657",0.000387462806866772,0.011311334440282,0.00968350620752921,0.00906430892916354,0.000458440353931636,0.00058342469806085,0.000825195602196875,0.00133145278077682,0.000344981574592298
"234.213488075916",0.000623664152238141,0.00233026631390253,0.00146738532849187,0.000221795663994079,0.000618102614654056,0.000902538236116532,0.000724213431482899,0.000742181743542803,0.00326722152511046
"234.563725520142",0.000597149996386381,0.00785833930362579,0.0111497095455294,0.00410802224206034,0.000414050388412167,0.00137837502424309,0.0012476953349071,0.000774982341484793,0.000508249225152224
"235.149126584246",0.00192626179622502,0.000942789282898512,0.000505310449300811,0.00059244452612233,0.00133184606083133,0.000235939507399089,0.00250202502722981,0.000677412639162416,0.0111750298917155
"235.496320114951",0.000719945932142539,0.00328762034514353,0.00434047186874507,0.00366016334160776,0.00110930872289044,0.000784861833800296,0.00244049162437586,0.00056456649493625,0
"236.582092270499",0.000945367499137,0.00309130955181748,0.00512939500273688,0.00278001136991576,0.000675546359536667,0.0012212235950332,0.00130409147804296,0.000537013108479295,0.000111688845405515
"238.602703790239",0.000904995878820355,0.0167892918053853,0.0214694355350959,0.00813584364855922,0.000563253948421153,0.000976243078314103,0.00144018181376648,0.000485736521767903,0.000185565037362439
"239.100646914243",0.00370015991943565,0.000856844039136049,0.000779737787897037,0.00030590214878789,0.00313535259680318,0.000863258323154617,0.0040274471592085,0.000473100335382794,0.0191395479783779
"240.49197256533",0.00162969719549169,0.0081409613455206,0.00881983679001876,0.00422892378263718,0.00143186360034803,0.000197404385327404,0.000599895163861221,0.000848121507669303,0.000549235187416373
"240.629504763546",0.00170074468070176,0.0338494716701916,0.0140333791785944,0.0102822793024002,0.00135518472934193,0.000605339949735192,0.000672585959510013,0.000841742086514905,0.000560279112556845
"240.758432380684",0.00177635084954156,0.0168969240148037,0.0155299091723734,0.0100762100223361,0.00128141433683267,0.000627251950124395,0.000555902595417553,0.000835761788236938,5.27926123495378e-06
"241.141513744952",0.0065582111710163,0.000790747825281903,0.000844528590907753,0.000871891599481553,0.00512852549180258,0.000931260553778914,0.00553889793423683,0.000764780714013416,0.0204456770133777
"241.71092334501",0.00128448054622992,0.0338846320688428,0.036724048230713,0.0155021558987202,0.00120507335996547,0.000691029340936531,0.00196991897124651,0.00226696980629396,0.000758247304917782
"242.467964547619",0.00185798587929962,0.00521223262082282,0.00545085107008818,0.00274908795170949,0.00368758682094729,0.00159731357233965,0.00196898346917972,0.00168091056197305,0.000685647535539156
"242.61593706948",0.00161330104144326,0.0124098975873968,0.00597050046054833,0.0109599118682035,0.00335940477072009,0.00108129708002342,0.00207783539461931,0.00164184987026217,0.000685481880255527
"242.7323159215",0.00132286092353599,0.0105498802150958,0.011911512736509,0.00426995966665051,0.00211810022818562,0.000986328454595856,0.00180778435266575,0.00161112904180531,0.000732513899918539
"243.656612913578",0.00226130918001481,0.010894451168059,0.00992344567660635,0.0123010141507258,0.000335345081174603,0.00218846564932378,0.000912277538730493,0.000517424123419272,0.0023644421161712
"244.560471290693",0.000134048200630188,0.00335122258431633,0.00608475758717016,0.00473083135857983,0.000626129778142056,0.00107630960595013,0.00177075262895231,0.000319095087127946,0.000720273442854894
"244.698955141689",0.000320610592292122,0.00401261184124235,0.00431654891135739,0.00589317116419073,0.000631578770078997,0.00154841432870563,0.00188398088685436,0.000312598361962222,0.000503458998440562
"246.712492805824",0.000299015803699972,0.00200965317022939,0.00132597595526746,0.00332649725314169,0.000469354693053178,0.000480219392197293,0.000688332430106899,0.000218136800410924,0.000513515586647082
"248.690388819199",0.000628117091108838,0.00448404890600545,0.0108017861178542,0.00280749417298728,0.000668739364370089,0.001131512719671,0.000910984432333111,0.000125347303925518,0.000485568117179899
"248.829281550877",0.000559167579707531,0.0109026137148541,0.0155561505585979,0.00496255915381758,0.000823422790245456,0.000685430727261484,0.00104762192799018,0.000118831396845099,0.000527310628203129
"249.154365490577",0.00239943607316446,0.000564074048632823,0.000864003437219705,0.000518123285897326,0.0020797114054101,0.000452929110404575,0.00124761914061571,0.000103580658243941,0.0116197578984776
"249.885152694466",0.000269762742646334,0.0120884441609002,0.0129652899725523,0.00469201966059524,0.00135914987218796,0.0020386183197229,0.00156657344118044,6.92970678891919e-05,0.0127566178400045
"250.845505646809",0.000303519537226433,0.00697741195913975,0.0105542299052859,0.00299989658520777,0.000288015311326967,0.000968060756601109,0.0012819813590962,0.000159584463200367,0.000865245336220871
"253.153755815297",0.0029762063913796,3.98443754937174e-05,0.000389940318402278,1.74911274222154e-05,0.00286144697482886,0.000254091777732964,0.00404742369503419,0.000607147620922549,0.0138703797365898
"253.902336603619",0.000906476073622225,0.00273506942687395,0.00396387786450686,0.00346659929107287,0.00091573578151474,0.00279876332654992,0.00272227231563276,0.000516735376565041,0.00107771582437653
"254.745931818483",0.000734061947285292,0.00361160791044983,0.00285722918397694,0.0145269390584257,0.00219888136792441,0.00217110448542187,0.000745290556262562,0.000694226933932695,0.000830673730227524
"254.90968412213",0.0020758784248186,0.011303782320117,0.0140651431807162,0.00750868440589021,0.00368094815482995,0.00302732807187446,0.000435882008934625,0.000728680248608657,0.000894845262583366
"255.03330743651",0.00316550989480862,0.0194652432970047,0.0184740756530846,0.0164908257261366,0.00543591329563286,0.00325039488215961,0.00178277473501661,0.000754690465605676,0.00134412615799285
"255.136070436071",0.00514969838727101,0.000727452095260912,0.0100094415240527,0.000286815327829749,0.00613522971080986,0.00326080671951491,0.00538458063188479,0.00259001495369978,0.012642642669268
"255.92294872951",0.00141283897397433,0.00580907140553012,0.00300290911273528,0.00277081240665152,0.000984018371797294,0.00390733915548545,0.00396005742985644,0.00261772756777227,0.000865792458033379
"256.073076836249",0.000837107068623875,0.00671122938537081,0.0063381801813594,0.0056189596083525,0.00155609466835934,0.0036454291821591,0.00227932110221091,0.00258016702821264,0.00177311118331842
"257.956654061816",0.00185690757315222,0.0124195679340024,0.0119100795305115,0.011100408771473,0.00191874476968961,0.00230176340684762,0.000970251705223953,0.00110698042432256,0.00045009837528498
"258.970088458199",0.000778897084926005,0.0132602521533277,0.0115737180693761,0.00748737844026245,0.00150030315414381,0.000980169229885239,0.00203192417483298,0.00134685464220858,0.000739435098008007
"259.083356872022",0.00265008058695433,0.00335348111559843,0.00449645837041752,0.00538107933395849,0.00320123082270414,0.00100171046825348,0.00260240280760644,0.00137366463827144,0.00927470273291295
"259.938767258066",0.000910832770285937,0.0075403612686042,0.00529054680135661,0.00650855794982066,0.00083924131601611,0.000628762555210281,0.0008822491435529,0.00177679445491364,0.000432175208659472
"260.983131228879",0.00199487049512139,0.00413590418908232,0.00128465524178565,0.00499777417328869,0.00111383198301283,4.20821187460467e-06,0.00161036728740141,0.00178032308808518,0.00192695056798199
"261.081758732761",0.00391301082861529,0.0283486365921108,0.0324420830555018,0.00999511047707721,0.00350367971121556,0.000231410646026726,0.00244200868183953,0.00178065632466893,0.0285304362188079
"262.077983182667",0.00071095181223622,0.00911822171639698,0.0102886619737829,0.00269279351587125,0.00155930435128313,0.000939436084366817,5.52398321849808e-05,0.000405434235446691,0.00874812747466333
"263.112858276793",0.0039812185343376,0.0157883197071509,0.0176956609589012,0.0050413270077684,0.0027487457351833,0.00269254539108994,0.00156227287272975,0.000751759888049926,0.0157858248400183
"264.115089312966",0.000707630508944524,0.00279791250895228,0.0040201847706446,0.000667133612064909,0.000756239250868936,0.000795732712975319,0.000890441450301329,0.00401089307586041,0.00249844731963241
"265.146962047437",0.00862450279618789,0.0485131346248275,0.0622628499231177,0.0329259417881684,0.0130211885283451,0.00796557068418624,0.0053483382952243,0.00673594187873384,0.0762849176607249
"266.153544202945",0.00244596054754047,0.0150131196990119,0.0194072641563764,0.0102430083229399,0.00413509775535878,0.00280860609324519,0.00169774724874801,0.00268884889672721,0.0244886120896141
"266.805588212132",0.00180364833244736,0.0130882021729625,0.00414030145976749,0.00266327630308855,0.00149669549869643,0.00217277243281669,0.00194268533822672,0,0.00435719155976406
"267.140415889408",0.00402638981304243,0.0114832032900095,0.014402766916096,0.00556902122797334,0.0044002477176496,0.00364362636823953,0.00306546968111171,0,0.0146631965458644
"267.269313403521",0.00309534178447786,0.00634643882020422,0.00446693613353225,0.00195908414125477,0.00189935942850753,0.00243456081376126,0.00156368665480848,0,0.00849191732303483
"268.802653116697",0.00123013802214519,0.0168985483226453,0.00631555709909338,0.0012159922169235,0.00230698956038191,0.00142224063019916,0.00142668751904213,0,0.00698513655099715
"269.132329823409",0.00312588895814263,0.0119825792458648,0.0145177784200275,0.00695563792338803,0.00372328616221457,0.00422746238091407,0.00345577831517879,0,0.0136277409724453
"269.212956957148",0.00611042583667643,0.00653188050180585,0.00902367006135191,0.00579972674704807,0.00582785469861031,0.00566635303683928,0.00408926653608556,0.00159008423571993,0.00997658829474325
"269.286652909209",0.00538210763904867,0.0256686727723744,0.0241975959960548,0.0115982081748568,0.00474476949239023,0.00429386231785011,0.00322582748808352,0.00273004944241603,0.0333879916726096
"270.290164669322",0.00252462500027312,0.00984991011495113,0.00929263077673361,0.00413898708435532,0.00239380137988517,0.00171194340670136,0.0020555836122471,0.00224683731546472,0.0131197375811813
"270.805317924586",0.00237825925509169,0.0125125086058835,0.00580431424321509,0.000384268143068944,0.00145526472426926,0.00145311993413674,0.00235603846480094,0.00232910357957654,0.00518373735803599
"271.144548302978",0.00301065221632958,0.0112264218127967,0.0138956403297723,0.00833656231933068,0.00318444616330298,0.00282463643421565,0.00225332653987915,0.00233006588487646,0.0150317117162293
"272.161594073542",0.000530722667093283,0.00163514868303849,0.00295284197191201,0.000971458522130421,0.000550290242706092,0.00117988999316302,0.000935567925432617,0.00233295097005047,0.00296920659682424
"272.843548643304",0.00159727461882962,0.00781339521345786,0.00409116713197094,0.000353696833123349,0.000744029170969093,1.41855438549613e-05,0.00149135565424655,0.00233488549165757,0.00253707885237949
"273.063225419288",0.00213013064807808,0.00390621112570048,0.000745624878017841,0.00855383782675233,0.00132279619143011,0.00130601010087855,0.00176049788101322,0.00233550865555816,0.0012588912446011
"273.134876945929",0.00186931385032252,0.00423396342239978,0.00535312025695658,0.00460747107912359,0.00141902893189768,0.00137296642389949,0.00155379654170615,0.00233571191165852,0.00581570257331146
"274.028777777778",0.00103104214995241,0.0061250325155625,0.00411802153330661,0.00599083162042388,0.00120876749046735,0.00135461883459236,0.000908854020155043,0.0023382476677785,0.000628286004268542
"275.100876184307",0.00139528751621203,0.00918235322148478,0.00479221178064665,0.00471965842346115,0.00110648568955262,0.000754437804423371,0.00200813740012102,0.00234128892246661,0.00830989776384047
"277.136192768651",0.00485913020105243,0.00636587038780606,0.0112694932014662,0.00332694016951834,0.00345061804460547,0.00252915696252315,0.00347957959933767,0.00234706256793259,0.00881655017159614
"277.182648808075",0.00474210825656896,0.0110835441092166,0.0142991801652178,0.00427402365914037,0.00283569880514599,0.00218336507858395,0.00373008847226319,0.00234719435121557,0.0156545473813207
"278.155710928089",0.00149264277611068,0.0107569025014645,0.0105583609212493,0.00562482499630407,0.00116807999176004,0.00116051902865968,0.00231623074875201,0.00234995466660854,0.0117784507237608
"279.158986885021",0.00360610508021857,0.00996822297723179,0.013303451092502,0.00792653022899862,0.00309747378779281,0.00174209844037585,0.00550917153993857,0.00204023787239184,0.0295184818618652
"280.146534518185",0.000512292564237145,0.00565355700552007,0.00589998745630948,0.00203352407215694,0.000684856465014871,0.00116194781926273,7.18692598472762e-05,0.00206370067762992,0.00911631441886888
"281.183598478084",0.00175199062798912,0.00653947877577819,0.00793404082171571,0.00375867541987401,0.00166807011374368,0.00185201640483835,0.00296237983177706,0.0020883399242783,0.00882263037961499
"282.104211111111",0.00128551776761647,0.00716453291398327,0.00415475128942018,0.00215971333760722,0.000452013139939492,0.000462169212829559,0.000753412572777806,0.00211021244382374,0.000542850099663038
"283.171476301951",0.00563995858534489,0.00633007728438312,0.0069491927993599,0.00508107759970409,0.00435325078618218,0.00427704298611717,0.0033463513467653,0.0021355692311514,0.00676537209975758
"283.265793617309",0.00541473447180925,0.0224483253227169,0.0219324785473698,0.0136230304661649,0.00414476523491457,0.00381172329733701,0.00266187532232507,0.00258459472228177,0.0352801942185062
"284.269330381377",0.00175141204252469,0.00857738214532307,0.00850738701748161,0.0049347397936878,0.00161217713985736,0.000947540706175091,0.00129654815571142,0.00156733705737975,0.0139295563404442
"285.142555485066",0.00449073706801201,0.00924728899737625,0.011432908575935,0.00959938363323666,0.00442668350853495,0.00395507818559054,0.00270061908651843,0.000610091587203877,0.0147932470100793
"285.238092531712",0.00400449784576467,0.0154679852239746,0.014411856793486,0.0086791534200616,0.00363247624155306,0.00278659131489202,0.00196657082891308,0.000703112046467123,0.020322228227054
"286.239779277324",0.00125061124713427,0.00514230032556142,0.00429792045510251,0.00171504440447349,0.000475292164837688,0.00106055354099879,0.000922607680200632,0.00163317449938231,0.00719592545872445
"286.831769084719",0.00199956809285923,0.00600342350497719,0.00418107670836009,8.2979722885357e-05,0.000973651525935971,0.000810003273979954,0.00150187681433123,0.00166045951188969,0.00194111381473605
"287.112762042367",0.00240242844370913,0.00225756542368497,0.00358711543508711,0.00839708972494695,0.00332052596307328,0.00225904657285209,0.00225242032059215,0.00167341057332376,0.00488931044134176
"287.222002482602",0.0018647011926955,0.0117446841204821,0.0082176333625165,0.0321561568195295,0.00375087655343472,0.0016891661875478,0.00242002197072835,0.00144593922749176,0.0269452669918801
"288.229111664801",0.000555138840714779,0.00199421742419197,0.00100802700288147,0.0114319743539375,0.00156931456551356,0.000753731102330337,0.00149623103220212,0.00153254425974109,0.00989988433571047
"288.909918328057",0.00122787032124602,0.00520939865982954,0.00393728773431865,0.00503430836663148,0.00154929045974841,0.00143484469261383,0.000704489554691978,0.00161252694283077,0.00197170699612511
"289.125216370352",0.00144398078811026,0.00612461209142258,0.006443121006108,0.00377749115777708,0.00142594033427929,0.0011577239857147,0.000909251151576638,0.00163782063635067,0.00778660308225964
"291.107113419734",0.00383450930534596,0.00457700259754646,0.00457475658048794,0.00175756526290023,0.00541514733670458,0.00290688288026962,0.00382016311880219,0.00187065831578665,0.0038316203853551
"291.172507131582",0.00455184270135067,0.0123941244684397,0.0135439499053082,0.0103075317402952,0.00486385557506439,0.00360918800077574,0.00386661729610532,0.00187834091469922,0.0145447246081048
"292.111576298699",4.08267239313365e-06,0.00158521604346963,0.00299474800618889,0.00224312077186373,0.00100773096024964,0.00104928761848373,0.000136810931792452,0.00302672518841321,0.00193340776287322
"293.11723146618",0.00513066349153054,0.0072628605023217,0.00860521328148444,0.00333455299368788,0.00681715844076339,0.00497515664086454,0.00421489616871237,0.00321314812039789,0.00740488364937198
"293.17755545889",0.00585366722284742,0.0377655326664921,0.0402362399677681,0.0196318882932815,0.00631185385043257,0.00418468915042285,0.0047465661588063,0.0038148860901878,0.0496173582992795
"294.171924435103",0.00613369079133024,0.0134239772322101,0.0146420285240487,0.00589976263572983,0.0030513502949419,0.00363137081905641,0.00150341407990801,0.00338265301390915,0.0179020190175553
"294.852744444444",0.00159407538348625,0.00323385714645358,0.00139556744993726,0.00573278782731433,0.00297462943238587,0.002551904385434,0.00202484613727886,0.00284884185719333,0.00074314117962883
"295.09862422245",0.00257081616023229,0.00486376445990464,0.00580917812805313,0.00322345429069691,0.00335783582040167,0.00383935890053675,0.00165589855885004,0.00280440130064414,0.0056752587038732
"295.159692093762",0.00351959254055633,0.00815166973081735,0.00827558226458403,0.00364127666950547,0.00371988880414143,0.00211921787287365,0.0017599473568477,0.00279336383261652,0.0106906551161746
"296.930091927127",0.000782716479399344,0.00552626632038736,0.00609046970179658,0.000350093949854745,0.00279529405769634,0.00116131847928968,0.00337885701637929,0.0024733799992676,0.00294572722567797
"297.164567825974",0.00918906936438104,0.0407760057107907,0.0434451692629355,0.0106582900111324,0.00581298870488282,0.00574275545150987,0.00682270420624431,0.000508055866865732,0.0319576432920771
"297.244234309589",0.00749448086903891,0.00796860712569323,0.0099723801736934,0.00687828088840497,0.00475351887084265,0.00525130421656491,0.00475490371461405,0.000324223964325267,0.0131881708414359
"297.842826795166",0.00232260555649328,0.00334123422281749,0.00348630379889149,0.00252751957073605,0.00140757058770913,0.0017592586418476,0.00134618860989944,0.000701148844110093,0.00428441146865405
"298.15277238934",0.00379758455571872,0.0166328298480598,0.0164288895321463,0.00420854775413052,0.00119867309554381,0.0018438944788777,0.00176609939898625,0.000779218514333215,0.0110141362557532
"298.836466482041",0.00258824165911219,0.0263668946644898,0.0269075617126095,0.023931156536929,0.00182905493751968,0.00311112272670479,0.00322299372521224,0.00256564851891389,0.0307826334079398
"299.147084000174",0.00349393174703633,0.0091386705406398,0.00983598469264616,0.00477244957814121,0.0025863133468476,0.00258656376138834,0.00204816438116461,0.00268893084632034,0.00750097765149319
"299.251655140129",0.00259629732760843,0.00652894257085631,0.00825427835842989,0.00554844357905467,0.00263935343716961,0.00243434289128516,0.0016068081767678,0.00273043453738929,0.0121669033944093
"299.835007979096",0.000675104889668335,0.00226890762703479,0.00105954464196169,0.00234701084402632,0.000652509456928223,0.00147200289417901,0.00114147575264475,0.00291567066972597,0.00357764785574231
"300.114921211461",0.00115915048157671,0.00549687110033441,0.0084600969809278,0.0018537643438159,0.00067040721222116,0.000655900743538489,0.0011809112843523,0.00291642624606265,0.00446434241736255
"301.130284912013",0.001478066472806,0.00418365737107954,0.00528039969204428,0.00530187580027461,0.00152770887866974,0.00158734133810308,0.000800833961644184,0.00291916704105392,0.00598848936570267
"302.128077777778",0.000511108083970676,0.00532800094329652,0.00239007704195078,0.00841086061446938,0.000996591589217702,0.00221410065317193,0.000891190670671022,0.00292186040667979,0.000167603195978082
"303.085811111111",0.00101214053323816,0.00393827990705764,0.00219473171755319,0.00475728018048362,0.00102777305985425,0.00153074339616844,0.000898563971428413,0.00292444563867257,0.000597040080509935
"305.102280540672",0.00180242250159743,0.00333586329506063,0.00377034434813528,0.00490568447494877,0.00120973112582967,0.000972050453568517,0.00209431817729246,0.00292988874177897,0.00353935931475858
"305.216546428549",0.00202322552057531,0.00543728763764371,0.00208855418783726,0.00126643229871459,0.00121904928327903,0.00114786750234888,0.00239843818246413,0.00293019718236336,0.00501538666445301
"307.168602789552",0.00246228296028343,0.00866116758978949,0.0109567065094736,0.00395480186235295,0.00223458516562725,0.00133461791892232,0.00395445237941171,0.00293546641376686,0.0289386447816569
"308.15724035037",0.000574810495105754,0.00148537686000888,0.00143397620778903,0.00204974644563852,0.000683001954070268,0.000897698244465124,0.00117761629082067,0.00293813506626389,0.00888332111561931
"309.168225027207",0.00599776408042001,0.0443596202785709,0.0546409998560841,0.0215291280261788,0.00678744026966715,0.00437189835235571,0.00275870170864095,0.0027014907340712,0.0534416074315091
"310.17421387455",0.0028353175529053,0.0169947697088218,0.0224546311678077,0.00755963622495864,0.00234705364157709,0.00235703619771071,0.000562688051286732,0.00336738058722872,0.0206558414599777
"311.174006463211",0.0178108599408391,0.0745640491828735,0.0754619724481707,0.0268698818021014,0.0109590043621465,0.00817893278829864,0.0129310293705632,0.00431106075298894,0.0642890613475372
"311.282249061907",0.0122562691499091,0.0051692939812217,0.00535413118387846,0.00209254988578171,0.00550559774554042,0.00891046968622049,0.00825033690098436,0.00193972591598052,0.00698032971810231
"312.179312413232",0.0055791742868255,0.0299487500374933,0.0300418752577484,0.0103122941515443,0.00365727386316167,0.00154163145812978,0.0046420886782584,0.00185895003596489,0.0257693262988668
"313.177645539076",0.00905666898575846,0.0169247913014001,0.0169248781256294,0.00621406381735453,0.00795674531970941,0.00629261706505491,0.00491642454478552,0.00198977778023065,0.0107225512181935
"313.238777655383",0.00885575282503681,0.0256497683253291,0.0242420050532675,0.0138467923263212,0.00808351863238864,0.00606152826041205,0.00459185243317877,0.00271631031348876,0.0352522886205664
"314.243860222884",0.00376361505403104,0.0101480583777773,0.00992624733260828,0.00545524103200306,0.00226120812912529,0.00136243346628511,0.000863853396732042,0.00172786209602306,0.0144620944495662
"315.121073658581",0.00335190714524135,0.019614625482036,0.017165578528394,0.0244025763655154,0.00405741550551049,0.00356883007539963,0.00199528689355762,0.00148172218452663,0.0146222685978727
"316.124510394964",0.00103570666514512,0.00639987960991549,0.00507543034359426,0.00797167628424222,0.00119207888838442,0.0013342289026758,0.00035870313324891,0.0013701749533828,0.00345170542876814
"317.140271813632",0.00159063934912355,0.00323606138503983,0.00502086321343905,0.00501221562042202,0.00118702430941897,0.00153588437142633,0.00135213148211515,0.00133031067757231,0.00450393613321021
"318.907698766763",0.00101489639465062,0.00366917287662893,0.00403633638037431,0.00333357515005744,0.000648968944139093,0.00118288085413947,0.00215636141095603,0.00126094675584854,0.00254096447294111
"319.191862063251",0.00205117728616322,0.0020755245874379,0.00133173413239694,0.00163286833213078,0.00119327066483558,0.00137927080092166,0.00223821854713379,0.00124979456615298,0.00411374130463207
"321.209962580989",0.00314212631348522,0.0171259548931755,0.0138112786369002,0.00688953079057288,0.00272020544467315,0.0017818161598507,0.00238331092771903,0.00106507819557582,0.0186339641135049
"322.212914276028",0.000873656308486315,0.00518338613904954,0.00328568187928405,0.000937448405653306,0.000528721470501459,2.62403187263585e-05,0.000114567952871484,0.00165086412723428,0.00560149552749068
"323.157055868829",0.00437472083675146,0.0131072060618982,0.0165855740055937,0.00563031785925092,0.00354567876167745,0.00296801084574099,0.0031924485126031,0.00176820843243029,0.0128092347109879
"324.166629603743",0.000346281893367657,0.00341798449209889,0.00486133279922387,0.00162239370191226,0.000462421317266038,0.000414165972984098,0,0.00189368508696064,0.00202386749667394
"325.090744444444",0.0067890842110377,0.00463904332403372,0.00495986130743165,0.00228758247310589,0.00575047866473974,0.00642884678003768,0.0119516385879045,0.00200854033190507,0.00114367803286038
"325.181929450903",0.0169040991138335,0.0801805579946912,0.0727426367579618,0.0254376417137052,0.0095940193660508,0.00876050875730736,0.0132145304407476,0.00386759909243262,0.0618433874184354
"326.185469060111",0.00640996636336902,0.033706347470864,0.0300939451086164,0.0104256163757273,0.00364347086516173,0.00324078551077711,0.00452015219869501,0.00256201737879931,0.025759146605432
"327.176463098584",0.00560880509680135,0.0210461364152071,0.0202027979827523,0.0073848682764966,0.0033102187684701,0.0029919599607533,0.00479108727326358,0.00149952611859135,0.0178384794644166
"328.16702852878",0.00118684459012105,0.00591250022523479,0.00517157561994987,0.00748030422594064,0.0010930673556577,0.000585591617882436,0.00277009089192408,0.000994992795426409,0.00636119380519367
"329.149764727857",0.00293608561182846,0.0157341223178834,0.0165106226733845,0.00991548246364449,0.00306612018668198,0.00253488651623728,0.00280883625795059,0.00207597924494347,0.0191036211642891
"330.155361503156",0.000551102003391668,0.00516576123198621,0.00521364033455743,0.00192290698114025,0.000982440173743915,0.000900908633922298,0.00149777306377712,0.00235815964827558,0.00623423684349962
"331.141491582444",0.00201172093769133,0.0106255009337537,0.0115607843090365,0.00461916500579976,0.00206648311037805,0.00200885173627457,0.00150175635724526,0.00239826623335608,0.0124756777741766
"333.112961605847",0.0023153941298707,0.00978159559412137,0.00993513204710321,0.0210050017993242,0.00359864668512386,0.00444078003769056,0.000878140999850159,0.00415608618166015,0.0439464554451846
"334.245406357762",0.00150661981954256,0.0109054198413566,0.0105509725136063,0.0120251655763709,0.00426682064673676,0.00396572457025205,0.00101522115600548,0.00386067054819174,0.0471815381677188
"335.111280348718",0.00186890235682296,0.00382937727186526,0.00360748088030218,0.0119711491797798,0.0018846112069352,0.00490100194970994,0.00213128186341572,0.000969946384823281,0.0246835630648679
"335.238918259611",0.00113228028126178,0.00438782163143812,0.0056606305257761,0.00446999219307227,0.00256408519223867,0.00240988212445547,0.00199259280019256,0.000679887472761945,0.0194410438296799
"336.248545797501",0.000940890259096358,0.00490205927086064,0.00465795803333995,0.00583450238591462,0.00175781708603271,0.00239267123473216,0.00215500746411959,0.000759186836324289,0.0265172638163601
"337.201339543243",0.00368676729741237,0.0125722542645353,0.0151667603040715,0.0108276295730786,0.00534910477596731,0.00431729862754175,0.0033975460622567,0.00211628397886893,0.0191592343188893
"338.195758859123",0.000785408863698178,0.00309813878571927,0.00502488559803941,0.00285301668624605,0.00191218952998764,0.00231848180010512,0.00130049722857862,0.00263397582839641,0.00542476584022006
"339.191485809777",0.0158191750871733,0.0721609196575284,0.0615463753144842,0.0214479162006461,0.00735804589424297,0.00609901901681624,0.0124501964511759,0.00237726341617835,0.0532421253342586
"340.201965251491",0.00568778120928745,0.030667593639649,0.0262527914931347,0.00936230779465724,0.00265716268430815,0.00245171066749125,0.00486475983660667,0.00519642009002606,0.0227966391035282
"340.98484501876",0.000756911275562741,0.00491658138673925,0.00460818594367257,0.00385780094198748,0.00162483218677599,0,0.00326060013737148,0.00527738712350486,0.00489652007355895
"341.250506498576",0.0115545229108843,0.0417110283153404,0.0409126053729786,0.0213845884446438,0.00896356663141404,0.00662505091261912,0.00587068172159163,0.00530573311468544,0.0562233150667653
"342.271563658033",0.00328798054554098,0.0176464624847235,0.0176367113530028,0.00900216784299979,0.0025952172379191,0.00223029741293341,0.00241605046480026,0.00297480014198024,0.0244118418748508
"343.139008146681",0.00382504286634124,0.00946436519841772,0.0113987586240623,0.0097071051000263,0.0025487371769004,0.0030788755028888,0.0012489955408374,0.00232726175239479,0.029883826693859
"344.144137893805",0.00106272141274709,0.00111594523174112,0.00192934821341793,0.00350475926694349,0.00161786717948786,0.00182279732702767,0.00151589398796438,0.00214901440628883,0.0108512398634685
"344.279648642556",0.00160538281620141,0.00727831080286123,0.00872278153075421,0.00197956014308687,0.00262798450009511,0.00385440197447411,0.00160787127255871,0.00212498324871657,0.0356560256941314
"345.107376779506",0.00435255315557621,0.0253785188741889,0.0281485992722037,0.0141270532943569,0.00500530769830375,0.00493721072850983,0.00205444164227396,0.00197819588705434,0.0299896695001642
"346.150142189641",0.000991489774839448,0.0093471337616499,0.0107057594849333,0.00459405928173558,0.00154332716693101,0.0014853097080991,0.00105536702343163,0.00179666571261862,0.0114033340701943
"347.150195651743",0.00331028275004889,0.0158894759010971,0.0173065845421598,0.00883423998142835,0.00420039482876683,0.00257685669743644,0.0014467069317125,0.00132102428165977,0.0200636884775068
"348.186781964831",0.000472717856479933,0.00407435939900831,0.00531380393880053,0.00093970846908002,0.00334086067646877,0.000614527248795685,0.00132029182466511,0.00128221168394993,0.00727203232400102
"349.215287921731",0.00474774354890677,0.0160025816928078,0.0364673046509251,0.00590958662348486,0.00317820292547399,0.00307414234478448,0.00344033105125941,0.000666990590035982,0.013147379476993
"350.221857414475",0.001210230015288,0.00574953020042396,0.0141845709353824,0.000983829124244564,0.000778205879461317,0.00199890809894303,0.00256049163755224,0.000922938387163027,0.00535147282545308
"351.118463438439",0.00249211287523109,0.0079197117049806,0.0117599324937534,0.00592734258371023,0.00228726387678349,0.00212649467012065,0.00263443370205761,0.000938866283440621,0.0120604880132644
"351.229674656029",0.00197259823218564,0.00684678269768518,0.010243248136549,0.00963796277069758,0.0022582386903781,0.00225506494735727,0.00228370831177836,0.000940841912302501,0.0112090339465894
"353.2419649198",0.00445469717188867,0.0143842854796924,0.0154036653549721,0.0140972696285306,0.0050207015449362,0.00319799844307675,0.00452182135937262,0.00116113332143931,0.0205646976922258
"354.146669879098",0.0034242254565407,0.0154265343458218,0.0112061192925253,0.00964273612580928,0.00109227531139685,0.00203521013172849,0.00323990859514285,0.00114374756279569,0.00735830345775449
"355.097981971018",0.00187651786637008,0.00754127316504523,0.00851148113212629,0.00249055869812607,0.00206730607665006,0.00144211739510153,0.00266090046375603,0.00112546615264656,0.0014651454289954
"355.180475640016",0.00354200084678208,0.00704289405721687,0.00910043089384374,0.0031862879087859,0.00287541550920874,0.00226656941941924,0.00226442609820305,0.00112388086784836,0.00915853375996131
"355.271711589609",0.00336079143070509,0.00846949902820263,0.00879134892888152,0.00606760799190835,0.00394238960829634,0.00334126109274702,0.00220211729291793,0.0011221275822242,0.011079464810136
"356.145027300709",0.000484608493336922,0.00295487899679849,0.00151263773251494,0.0197028368377973,0.00279129889438011,0.002432376242128,0.00119594025730479,0.0011053450322704,0.00275672722679932
"357.110408908259",0.00101256590486942,0.00600281659535587,0.00377055463673058,0.00725437924365057,0.000764714847303927,0.000943247292382461,0.00113457547656376,0.00108679324756384,0.00349640309488668
"357.266565931492",0.00130373580796125,0.0038767459360133,0.00561747037928294,0.00410905780504851,0.00160518034738278,0.00153853418268577,0.000719264981300714,0.00108379237055025,0.00659231619491503
"359.100467623322",0.00136425476050532,0.00501166237769117,0.0061400724813135,0.00271803023016899,0.00131106937366131,0.00126074608876834,0.000349030987198416,0.00104855019368076,0.00974942107437252
"361.140295046712",0.00628233325453138,0.0160055327304534,0.0204455384189858,0.00859719489070579,0.00549946166062163,0.00250326560163174,0.00223984002470458,0.00152386618285782,0.0191753982014359
"361.22934159571",0.00708856234138661,0.0406272581408356,0.0482799511507721,0.0105863233519551,0.0060820371750838,0.00626448616815968,0.00226623308911458,0.0023320275776553,0.0507214037956481
"362.262242735546",0.00360346449080173,0.0164753708087305,0.0188145814170397,0.0179976261684297,0.0074941305223598,0.0083230826952339,0.00132741817936776,0.00712115028732663,0.0714761744359093
"363.131552936847",0.00600344769092182,0.0100648998378237,0.0126675803903494,0.00572175250312265,0.00833971863691826,0.00738567467848929,0.00209376113452482,0.00608697920607737,0.011926799660005
"363.256412192874",0.0033077701695757,0.0108030367312837,0.0122510027182855,0.00759627159137437,0.0029465994673607,0.00532905064719418,0.00235499143853305,0.00605939230218145,0.030608081500753
"364.275113958311",0.000940905533734503,0.00715882851077136,0.00631248894116387,0.00999422931518237,0.00277366359606767,0.00161785851659887,0.000791527714806805,0.00313255185249302,0.0408576050642789
"365.118236781658",0.00143410465556605,0.00267683923458389,0.00496422317366717,0.00330362433392586,0.00439724220512138,0.00221996882838196,0.00263280712644919,0.00258382542324819,0.00525476765777431
"365.24147583447",0.00245464352580362,0.0140982364552592,0.0141689033214699,0.0102113232947831,0.00259294321516676,0.00275305698185373,0.00346464873114223,0.00163666938194294,0.0206701230713983
"366.245424456358",0.000650219607887937,0.00443516497922935,0.00390994397905028,0.00257304192341047,0.00152267712006773,0.000712006171023377,0.00133824922726537,0.000646604674567082,0.00785515765920353
"367.122420755211",0.00179387271855929,0.0100952698435278,0.0124383010196866,0.00249272780051529,0.00226837675039159,0.00206435711048352,0.00213467126164484,0.000654610630279804,0.00812478044278492
"367.226930235021",0.0025205874356633,0.00648374590881791,0.00647140893202498,0.00610685826286103,0.00191991870124708,0.0019936925356605,0.00343691870171231,0.000655564680220508,0.0106333369499596
"368.130609073815",0.00180916018366173,0.00195788691637912,0.00338292168769131,0.0010300497753929,0.000246213391788156,0.000940237677554227,0.00210272263772961,0.000663814216474392,0.00163344636683002
"369.158757212201",0.00343137074878767,0.0168877619418317,0.0200909928307244,0.00238306548273088,0.00229163814036032,0.00347687195089524,0.00154377018984455,0.000673200012597822,0.00846499860278443
"369.302798604798",0.00293391545687157,0.0159484719661154,0.0153304991256026,0.00599208034486563,0.00402281719724183,0.00319752968231417,0.00157331184075595,3.98296481568692e-07,0.0202268885259475
"370.141456138378",0.001529971029203,0.00440611265847943,0.00566660558282498,0.0156225082643806,0.00380304520941429,0.0016255655017219,0.000940533759934059,7.74010319231445e-05,0.00276325297833627
"370.301135602077",0.00189401385093032,0.00680280594357206,0.00666250716269709,0.00149136951461809,0.00310296970283037,0.00157412401862884,0.0013239403915449,9.20622672979496e-05,0.00934392093063234
"371.143378745112",0.00238829525689642,0.00837651834852568,0.0105465226529116,0.00490467091348475,0.00164308495475856,0.00183039105171244,0.00154196652361377,0.000169394221431548,0.00676298325605028
"371.243991769418",0.00167199569393608,0.00314304295287285,0.00600826766934842,0.00429939602432938,0.00157572139172575,0.00189977281273551,0.00162791556358842,0.000178632173494701,0.00772342178657189
"372.303338077431",0.00221712839289245,0.0158675663232146,0.0150642791955649,0.00492351681685585,0.00351892175247935,0.00288212113593391,0.00114426643596466,0.00425686342804191,0.053913008889923
"373.083284947401",0.00240050668385719,0.0040576512832537,0.00352455010124888,0.00665998180922239,0.00275958832088589,0.00320724047478626,0.00107780892902577,0.00683229089441446,0.00128195775180753
"373.19050686324",0.00146731390194515,0.00266737209761393,0.00428802743935383,0.00493256754906079,0.00256822033959096,0.00330399183750153,4.31077606313409e-06,0.00686424338379151,0.00482446424678854
"373.306902966936",0.00170405795157452,0.00539285000588913,0.00487935207542363,0.000693080002370956,0.00213747610832036,0.00346639089889568,7.0778596234768e-05,0.00689892981182048,0.0241145459864378
"374.30055960226",0.000232371972517321,0.00635006517340628,0.00315079363511983,0.000472279775768307,0.000943270592707727,6.88856034618806e-05,0.00212505960199317,0.00719504281107251,0.0080933493462893
"375.216887385574",0.00809546191721182,0.0466165342642063,0.0441577600217479,0.0370374324272514,0.00763009086928812,0.00530095937455058,0.00511586506929777,0.00995596137092197,0.0632545472332107
"376.220162001834",0.00338413624382951,0.0186013202551488,0.0177191746149935,0.0153172904391175,0.0032784497138047,0.00340464965510376,0.00270613682124517,0.0020924246993137,0.0258752754558406
"377.236455617172",0.0121461528970516,0.0647946620458072,0.0639620083633986,0.0500703018566371,0.0104086525973016,0.00801424690131904,0.00834927711687595,0.0137109726336127,0.0884019648984981
"378.233651942701",0.00262238277279979,0.0271618228869314,0.0267060558924586,0.0212126363062273,0.00421344814048742,0.000691351164103572,0.00562987287963311,0.00518076607175446,0.0374487686093671
"379.227688749922",0.00322518626641656,0.0160893844472703,0.0164381234053277,0.0135525371497308,0.00278830519429975,0.00228309513208338,0.00200673161188696,0.00272399303823892,0.0231897111182118
"380.23267653748",0.000548315938493519,0.00376662809686101,0.00346492512257213,0.00288958506808479,0.00122180705206498,0.000129116084147547,0.000392251250635592,0.00067621791411595,0.00629256346044713
"381.222571237785",0.0021259130701105,0.0070481254712119,0.00688061424789959,0.0107259823742101,0.00282974904730121,0.00197920804759189,0.00281939040347845,0.000813829086055488,0.0139783808439941
"383.14353042179",0.00202507170604726,0.0143774578233454,0.015708153687925,0.00205371431137849,0.00139788353143998,0.00103878288978511,0.00148545819014947,0.00268117791392536,0.00410206031017939
"383.317820557337",0.00194847314374634,0.00448652695720475,0.00467332843603492,0.00274147138827243,0.00177844966585063,0.00138546215733942,0.00116894677589862,0.00296591907572393,0.005443959311621
"384.192597483841",0.00100036041270601,0.00462902663283552,0.00467276207381196,0.00415355964415859,0.000942607280318126,0.000974989857457717,0.000686497807113631,0.00301545650690287,0.00191341833706233
"385.135521621658",0.00153339593902851,0.00858829107693358,0.0096195873802342,0.00301732604627826,0.00109222364412452,0.00100755014308304,0.0009241149117034,0.00306885302225307,0.00236556461088785
"385.23318624787",0.0013089138491369,0.00212424202632619,0.0030352947879753,0.0097613814404138,0.00104658590401989,0.00104060918464436,0.000895618637847955,0.0030743836376054,0.00145956520642445
"387.147051000203",0.00164598981485011,0.00487136668802661,0.00140696565081265,0.00511307411402974,0.00215159095938679,0.00192478831830246,0.00121299591841177,0.00318276320339184,0.00339140156546546
"387.241913539927",0.00145388665879102,0.00564742268802553,0.00563185869061096,0.00674520328923518,0.00205730757073204,0.00183773760419644,0.00125854470032334,0.0031881351403859,0.0092655110729859
"388.294130469488",0.0016728196216941,0.00755131942590727,0.0070160620694826,0.00478564490766637,0.00101990323981771,0.000987979834036401,0.000847432148716115,0.0032477207583351,0.00703087458108043
"389.261511560112",0.00888262581705257,0.0682408389682798,0.0797985604500177,0.0158100444965344,0.00486710871244058,0.00535167448289015,0.00249570925563956,0.00355679436511532,0.0834537929611452
"390.27185663708",0.000837801310132441,0.0309724866491885,0.0362830852338479,0.00727804240130076,0.00353268858393776,0.00205308912489635,0.00267542621987957,0.00439836741977469,0.0380271125421856
"391.228202811499",0.00564026806050909,0.0189862283766691,0.0220672923440361,0.0186613782179917,0.00527425198942606,0.00319025984213013,0.00413404327492158,0.0028193956635612,0.0285618578488359
"392.226824072238",0.00282318434739327,0.0064913598403831,0.00712036110779995,0.00757633040557342,0.00116458972671022,0.00132749092162264,0.0021952327479589,0.0030062760771228,0.0110096157859906
"393.292559775895",0.00354282417849367,0.0118244408865922,0.0108325748311401,0.0121833507394516,0.00359683211131318,0.00311494101363535,0.00209896060605154,0.0030550787897962,0.0298661119863575
"394.27746918287",0.00101247063138934,0.00473924264156763,0.00360052407622455,0.00536202621079316,0.000831983563067243,0.00107117096418128,0.000979011103009758,0.00254742032729085,0.0134317570871282
"395.267814438589",0.00174084711573672,0.00619193964690123,0.00476659833884527,0.00649398664553765,0.00150305685723012,0.00182002872072082,0.00281698151750468,0.000580965375245876,0.0159209026116894
"397.199942018591",0.00274491971056057,0.0113237820618452,0.0104917583735975,0.0113103569951144,0.00292326569287744,0.00265255706388643,0.00214195192911853,0,0.0197308707023519
"397.328822454174",0.0028962260424469,0.00657849498713262,0.00729174998930778,0.00245657418861506,0.00266221006872209,0.00243058419982302,0.00226727874476548,0,0.00827807870703523
"398.288729389424",0.00123383997447443,0.0024518224163512,0.00478147841748486,0.00334928138054276,0.0014849177630057,0.00103941384236809,0.000851522018364681,0,0.0108404610929389
"399.168309423156",0.00156982599372454,0.00837436808504566,0.0071219567898051,0.0010202783635089,0.00116356698548252,0.00079931338576569,0.00064067136701523,0,0.00687661842554191
"400.399716893567",0.000604376898303724,0.00429774253922612,0.00040442086881325,0.00373634464755963,0.000274921718617962,0.000307457010501254,0.00116196588394562,0,0.00448118729750178
"401.232085346391",0.00172208165929763,0.00675428893987386,0.00631911804034516,0.00916005001858536,0.0014900522005816,0.00125045503921586,0.00100913178169477,0.00167914633531213,0.0095149121423147
"403.006565186518",0.00614117479572753,0.00670041664487626,0.00393245527728354,0.00290542695756718,0.00968595579235077,0.00248844300564839,0.00267996680032532,0.00719288385261135,0.00751966554335684
"403.255119593123",0.0107421618137944,0.0642567778279229,0.0622621218663051,0.0574873083541135,0.0101276641269287,0.00713533969765419,0.00722671332686609,0.0139412005914332,0.0886961807329643
"404.252649095618",0.00614120953348208,0.0280005968597704,0.0266980740312799,0.025576835296787,0.000666060112962881,0.00297555947418406,0.0034889852096687,0.00322204007793574,0.0395884517803711
"404.997749530226",0.00533566425096063,0.0102033681113075,0.00749142297019983,0.00540879954843781,0.0146530367604813,0.00094102833760239,0.00726116041065197,0.00186661525164812,0.0113244272312029
"405.253329964806",0.0163829574293533,0.0904859051249895,0.0900969294634414,0.0810132454641385,0.00590650109518333,0.00992117736581036,0.0113028468090427,0.0206318951223063,0.125215599841043
"406.267760482495",0.00695522943171461,0.0416138770629139,0.0413439677628778,0.0377797467129562,0.00509369814997295,0.00237399100452031,0.00448256269519982,0.00554611585834592,0.0586323227160903
"407.002464906048",0.00635166331743906,0.00894408327422515,0.00662484157856391,0.00418694346865285,0.00433273081731301,0.00355927429804481,0.0031144804196927,0.00586277881494921,0.0100292604337577
"407.265902877864",0.00472894461777453,0.0233978302341346,0.0230822959647709,0.0209760296103813,0.00427507575946673,0.00318088899234458,0.00329156881868544,0.00165279643913903,0.0329515785885956
"408.26925052837",0.00132486831020552,0.00741965550088376,0.00764252899197675,0.0068971613349008,0.00173516245756354,0.000833876607712493,0.00378925619281412,0.00174820988669995,0.0121167137059564
"409.157822871688",0.00278310083582506,0.00659977476465366,0.00779944786708513,0.00699669342746818,0.0011424041743839,0.00435143904317441,0.0024939649717689,0.00161363454255309,0.0060017723787224
"409.263515152987",0.00216610587733251,0.000453100954953838,0.00392918780931631,0.00716998392715141,0.00102596621271379,0.00556536560828784,0.00275742445359472,0.00160930022480476,0.0123847110281658
"413.066590156593",0.000703296947306041,0.00254049489030606,0.00183724053861341,0.00586979048041427,0.000674790381383973,0.00128252522796752,0.000868086885183147,0.00145334053424079,0.00235571011502688
"413.2471500551",0.000794187266686883,0.000720231604027646,0.00135695685008676,0.00328978791532259,0.000670856967282226,0.000705348049369848,0.00109136964368256,0.00144593598243134,0.00388801833448871
"414.275956655296",0.000952793137619031,0.00387853066685767,0.00530960021421218,0.000398489720241743,0.000724635316414682,0.00115070410347494,0.000679469480784583,0.00140374581819198,0.00324093150923643
"415.040176991609",0.000645354541660339,0.00416700859214014,0.00242809121547635,0.00218967847358921,0.000429025470147523,0.00115332228730432,0.000942009909847624,0.00137240602945233,0.00465558070708498
"416.248209717385",0,0.00175223730815864,0.0036336455187558,0.00595253797593321,0.00208458607746687,0.000625758562887827,0.00273061984241132,0.00206797293014133,0.012211964982872
"417.234138035321",0.00372915753189717,0.0110087364853694,0.00863837560349848,0.0133782640863303,0.00208045883703206,0.00184217602025488,0.00260542746235079,0.00329845924483794,0.0112190826716576
"418.243817277856",0.000557414552414793,0.00213678214398207,0.00157842000399846,0.00543700094374283,0,0.000489381586198311,0.00269745081725263,0.00419300938910546,0.0039103701242691
"419.302160601456",0.00520231630902447,0.0238845051747656,0.0241294120779854,0.0291163594464217,0.00394781600463206,0.00333686062128198,0.00351842412629051,0.00477404344070836,0.0334398339768293
"420.263651005958",0.00223354913368804,0.0107286506379575,0.0106015214031298,0.0128573369972706,0.00231251681417106,0.00298437775408386,0.00047697552755942,0.000983707103088454,0.014845073083566
"421.174790567284",0.00478152106505308,0.0136963137271385,0.0156604040275166,0.00711433973490799,0.00288529325105703,0.00420174732339783,0.00270635305130692,1.14884267822578e-05,0.0141333212480858
"421.259816291619",0.00366003460818955,0.013735758573421,0.0134353768904474,0.0160976201030845,0.00270120014378887,0.00337128559354544,0.00253413780207302,0.000112858485666916,0.0160047789104238
"422.199698497713",0.000933788277183394,0.00538784204037831,0.00571144698619151,0.00608336814742666,0.00116483929888021,0.000479017035242198,0.00310338384121454,0.000153627040492527,0.00468948377825813
"423.169012345734",0.00110090525732034,0.00904690813022087,0.0104400236289796,0.00661091371534699,0.0004511302664212,0.00110024517376186,0.00129142981136302,0.00015759573925646,0.00786703828531137
"425.170475746262",0.00162795679057389,0.00561041581764857,0.00674589943132318,0.00437999563834656,0.00249067476269796,0.00144496554407297,0.00137000793754452,0.00016579040741265,0.00702073767992073
"427.149944164691",0.00109686041159195,0.00613576949152989,0.00678521808605549,0.00378965842271819,0.000902198371370841,0.00142837193686043,0.000654800943984526,0.00017389502067233,0.00335334904726088
"428.898602421723",0.00079814805898437,0.00599953558274821,0.00633033441496662,0.00423532726107323,0.000913393332914551,0.00117102217278272,0.000760058932408612,0.000181054619059779,0.00705521262218521
"430.892819990629",0.000375692001179269,0.00528158717378638,0.0040626777249076,0.00361941731483278,0.00293701463335671,0.00209755010000382,0.000901515795323452,0.000189219620330408,0.00585527209748899
"431.215267707051",0.0027613388197153,0.0101260024331053,0.0134703646338549,0.00408187948507436,0.00270850096160678,0.00253568968425139,0.00120850652173276,0.000190539830349289,0.0134150215045603
"431.304129251979",0.00293743630089596,0.00982499474408571,0.00844218560933807,0.00595131806360494,0.00219696233785274,0.00243244970743562,0.00118590181638111,0.00035106507081247,0.0129371266661254
"432.220336131294",0.00198007415843584,0.00262306192240034,0.00470651706364773,0.00119530034394294,0.000244334856560143,0.000941774048278439,0.000698589859976282,0.000458226227778445,0.00497753921676728
"432.926755951365",0.00301438369622308,0.00244608277902798,0.00188337685408326,0.00218786605652779,0.00408196773971807,0.0023661410466444,0.00192079409761788,0.000523367311097643,0.00191347788056018
"433.285073753223",0.00496794986842771,0.0138275246288094,0.0129796234311917,0.0121316497942314,0.0039675966287827,0.00360103403768711,0.00231375273700111,0.00077341379904999,0.0187237182831281
"434.311144583601",0.00294998940333243,0.00729668030078744,0.0075808340237968,0.00522482804815029,0.00154642219073346,0.000511149761950827,6.44369806538441e-05,0.000735147326758612,0.0113070414411803
"435.230605851718",0.0024825157980745,0.00973932122781399,0.00990675412376951,0.0119116728077711,0.00203752229881531,0.00211083906180829,0.00118262542264368,0.000714461362112226,0.0113746068702337
"436.248514192768",0.000630193865104334,0.00318661190310292,0.00274592696837311,0.00437386061033983,0.000960168785078692,0.000993614836867564,0.00216647087231217,0.000114154377650902,0.00238592019517857
"436.998178000586",0.00149968547277606,0.00318914965408225,0.00100608498561385,0.00164519327584975,0.0026568450991457,0.00185058019366483,0.00224952205138935,9.47143485437369e-05,0.00349981827013656
"437.263202484085",0.00137473726268576,0.00594603705926141,0.00439112013314543,0.0100006197767995,0.00206321366089548,0.00174609536170117,0.00182861376127812,8.78418229934793e-05,0.0171700514007294
"438.997821053622",0.00144142081461029,0.0069231575090748,0.0055471164072073,0.00445293198017165,0.00184277784292647,0.00143761833429898,0.00134415257267943,0.000748219124900117,0.00921322791263869
"440.992979786652",0.00168678854470511,0.0065258079072704,0.00553111425693188,0.00397547719408709,0.00158806183342001,0.00113004586148925,0.00146173433331444,0.000805192961172617,0.00799144002340996
"441.285427791411",0.00119894681059197,0.00309983046262001,0.00479561980586045,0.0077255984346458,0.00153132440817632,0.000817205176183024,0.00164875080659015,0.000813544118634688,0.00848766672306596
"442.488501986718",0.00091903708937282,0.00492706239587186,0.00039968124345211,0.00180747208588078,0.00257406132942158,0.000341396082063979,0.00147988806914042,0.000847899155701335,0.00166718419079016
"443.22354645715",0.000694508496428626,0.000326472377698794,0.0021984091165078,0.0184832471334065,0.00165975644725616,0.000496404330971555,0.0011481257282038,0.00147347550042004,0.0109624299577411
"444.381136359305",0.000398961131211296,0.00485413737186792,0.00019573614584931,0.00834295657248097,0.000349239327004564,0.000291429596953105,0.000253675073372026,0.00155351638352694,0.00280035409905279
"445.253297209062",0.000592602739428062,0.00393197482043066,0.00715042252633067,0.00206684887909568,0.000660150555284648,0.000250224849055136,0.000445427015556952,0.00161382144017597,0.00437637053303762
"447.174179950249",0.00164365309059315,0.00361206770701856,0.00581340655742809,0.00468212672611822,0.00193290471878066,0.00185352026081263,0.00141025358677233,0.00174663976440563,0.0113182087873062
"447.327060871631",0.00154839288938086,0.00330433993410236,0.00343512246083975,0.00461745363991013,0.00188885247763068,0.00150463398224382,0.00116015642577576,0.00175721062713934,0.0136999936803388
"449.166228070143",0.00278334728176582,0.0118935883691467,0.0126836164403029,0.0126305388885856,0.00388132951145533,0.00381172361851715,0.00252183880452344,0.0018843787775146,0.0401493299174609
"450.216881098354",0.000589077820923794,0.00256804713311413,0.00269447955185853,0.00494288420685691,0.0020156149463771,0.00247225413836886,0.000979141855232892,0.00247376535324016,0.0183462089925721
"451.228111156984",0.000855214760658975,0.00342120720309851,0.00226516708633313,0.00571031871256696,0.00100997366568001,0.0018627716403545,0.00127239866723676,0.00242517853072299,0.0195741542262161
"453.241417081381",0.000637098895957117,0.000869943192573131,0.00131881870519784,0.0247461899390553,0.00161946307544341,0.00058369779262612,0.00212270461858716,0.00135741095957081,0.0162968297130889
"455.227187297433",0.000928136055886358,0.00245666767484208,0.00241260766410766,0.00404463241709876,0.0011232732314115,0.000724904812052513,0.000842168956360644,0.00111821497178319,0.00743960588672569
"457.195057087887",0.00065287280556904,0.00246852754622055,0.0016336546040952,0.00104143987182799,6.82700070787606e-05,0.000780679640157849,0.000120566342346195,0.00127587796826481,0.00154652609764085
"459.190108197882",0.00127858795723492,0.00581868668601574,0.00806647826412503,0.00526454186222754,0.00246995779959845,0.00244947604146942,0.000841701442272165,0.00143571869434416,0.0317568269797216
"461.301354456478",0.00214440034726816,0.00621097437445014,0.0058349376735917,0.00665136624555901,0.00158127593142875,0.00120272534144965,0.00151415069124794,0.00160486881446672,0.00757318677508703
"463.287819658972",0.00328970251068929,0.0120767746421826,0.0105951602032087,0.00628150319376501,0.00290667916420797,0.00241976588299069,0.00194688023560011,0.00176402164955313,0.0106313697136779
"464.167905825403",0.00344716870382944,0.00645902617414184,0.00662026140053057,0.0058458070313335,0.0025091459582193,0.00104534050833701,0.00276255094063795,0.00183453293177039,0.00743516192570907
"464.8994013294",0.00164175230572927,0.00347617999630618,0.00583080947827421,0.00337207568756742,0.00348503807164645,0.00182207849338114,0.0023459694608506,0.00189313933633662,0.00357744815544382
"465.368841720439",0.00157792504243222,0.00940916922382626,0.0099410076562562,0.00218963575586249,0.00280582904759296,0.00209531617998579,0.00201215048104792,0.00371692624211971,0.00637812772560579
"466.907211431219",0.00138606016982669,0.00333108360489554,0.00554457183133742,0.00309637939133998,0.00124358253796661,0.00106849054349751,0.000992198168611742,0.00382282440210327,0.00392028876795889
"467.250696921145",0.00102528113759788,0.00166617356796499,0.00185568007542256,0.00230677212565979,0.000351463632784175,0.000610727027723487,0.000925636416268403,0.00384646922630211,0.00568885694354467
"469.29712815062",0.000900108046422588,0.00212112447050752,0.00297636266336889,0.00220089147979646,0.00145179297509787,0.000921817500600437,0.000994316042174957,0.0039873412807996,0.00292244668985314
"471.317688183061",0.000811656783849901,0.00212263571902139,0.00374366754194171,0.00322202445551359,0.000578878608442856,0.00142845917000582,0.00045641598196513,0.00412643241609199,0.00274017583205497
"472.583271736463",0.00164976283357777,0.00168046560984582,0.00167600070671846,0.000858996070673814,0.00219641382211177,0.00196715132004722,0.00168874737372996,0.00421355254636469,0.0017326833289457
"473.348527763802",0.00513607678830169,0.0339298269087152,0.0349132040050032,0.0296936768194316,0.00574120679698004,0.0059198567566954,0.00410040917928696,0.00679154197454045,0.044361502241819
"474.351430269568",0.00285402711900107,0.0174947026867272,0.0178485125806139,0.01536610846924,0.00447796202202908,0.00236574010811595,0.00369425773573058,0.00117858342651244,0.0233562343269957
"475.328430269568",0.000787606766951024,0.00618584534702353,0.00602452590916841,0.00981883226179133,0.00206223563260972,0.0016789319680235,0.00147127663462309,0.00110115678290682,0.013761975548612
"476.364355269568",0.00150734064028062,0.00356328847406341,0.00475500109348825,0.00232811143692213,0.000873697251027266,0.000341535608842739,0.00155212117784389,0.00104516335378904,0.0049770811824007
"477.368205269568",0.000623954695842291,0.0014122231144173,0.00173801976736646,0.00343391454230986,0.000818018050232856,0.000137992536119123,0.000900439098442474,0.000990903630527328,0.0030563931036152
"479.410255269568",0.000542412933098766,0.00187677314416189,0.00185474494436665,0.00202148822374679,0.0011412172384328,0.000451992825006022,0.000854477604774142,0.000880527510702081,0.00551745893496732
"481.24239143704",0.000349522721182792,0.000907915055768773,0.00143995383930332,0.00240685253386011,0.000487680024699267,0.000563187888493819,0.000871628072723254,0.000781497574531535,0.00509696386618565
"483.323130269568",0.000783927881072345,0.00156001593421618,0.00144798491213754,0.00560118064483331,0.00122113492964365,0.000660150739530531,0.00102811417254509,0.000669030260457853,0.0108454778390855
"485.272001993432",0.000953357978595248,0.00592960476316272,0.00515089347477231,0.00503817843769161,0.00208006337153115,0.000750965145522915,0.00151545561033712,0.000548797955066425,0.00917376663148666
"486.985924770373",0.000171863528709532,0.00036461397451084,0.00179518890300793,0.00563874668993755,0.000554504253091335,0.000615246290460088,0.000382680601396094,0.000556733876675824,0.00167935681368237
"489.334980269568",0.000522890842124501,0.00382142960897316,0.00517030676814115,0.00802072552386963,0.000844474418942749,0.00120380068598463,0.000853659411359309,0.000567574842865952,0.00643408752109798
"491.315296437687",0.000679065652990222,0.00214472602087657,0.00112581005037974,0.00387976169048783,0.000673054882650706,0.000615051225346344,2.87295157705667e-05,0.000527395018831337,0.00335785373651058
"493.292763104354",0.000390073089553323,0.00239111623804898,0.000430019215708349,0.00245396204669603,0.00104417357312029,0.000193501467858446,0.00122459163626291,0.000487273010042979,0.00352345216576274
"494.246310478266",0.000220215088770586,0.000402978085217721,6.69032402234341e-05,0.0152037626022094,0.00215874972612587,0.000176901761284813,0.0012252924211091,0.000467925914710799,0.0100939265873121
"495.306705269568",0.000417718242647211,0.00237847679295174,0.00209914876335803,0.00701624465770346,0.000524352621214123,0.000230177295447256,0.00082902120458838,0,0.00335686474348989
"497.339405269568",0.000644972352757948,0.00421582624147199,0.00187834236848139,0.00491850539056116,0.000460573949643608,0.00028542151330939,0.000573690392484708,0,0.00415234840042463
"499.265580269568",0.000301094559724964,0.0022465249713749,0.00267667332746352,0.00278520357134232,0.000835878925917503,0.00079728729056213,0.00180841013491386,0.000356276712241704,0.00495872699760971
"501.199780269568",0.00118815566948444,0.0073451703037106,0.00921188253812429,0.00760817336171703,0.00211670381476124,0.00174245358629689,0.000430360982063811,0.000370521475443297,0.0087869356913224
"502.372580269568",0.000480678389215298,0.0030226795196069,0.00344607855703276,0.00322284529485486,0.000325981973929986,0.00103962558083831,0.00126289151654576,0.000379158771629229,0.00672251816832276
"503.307396437687",0.000455394131850656,0.00172555396702559,0.00120942411718767,0.00952173317830188,0.000168719149548679,2.72874437850172e-05,0.00102574748163224,0.000386043393153308,0.00229095256342135
"505.363358103706",0.000532083249419342,0.000780979928135678,0.00168960673494325,0.00355956490398977,0.000554152178670252,0.00102210525424734,0.000501935823862888,0.000401184892007612,0.00325133620466813
"517.495456693661",0.000564832440711043,0.00240733013978458,0.00219595913832636,0.00102943541439118,0.000300432474922236,0.000467213733711707,0.000738206575049741,0.00049053391049189,0.00239032933941615
"521.373524770373",0.000492257651291329,0.00235539513674665,0.00427140548141563,0.00208573104422848,0.000701846684476428,0.000594431481570018,2.51482720431593e-05,0.000519094639182004,0.00262860271629835
"523.288429771021",0.000403111432649546,0.00330485831946924,0.000788873373031746,0.00297597690690907,0.000177597635669986,9.25136358604749e-05,0.000509539000226701,0.000533197300896293,0.00178579306974643
"524.998423360328",9.89680250028401e-05,0.00131762545334155,0.00164611748988737,0.000507898845450339,0.000255080198694463,0.00011268291349577,0.000674105047465571,0.000545790855728224,0.00317537090249533
"527.308555269568",0.000137330070059387,0.00146825490959137,0.00155044369262898,0.00568109786885964,0.00175637584494438,0.000490278595884862,0.00107905577611499,0.000562804236977096,0.00854290047617609
"528.476610478266",0.000810527849175304,0.000286963300969196,1.54028482829502e-05,0.00648153218126692,0.00199721921951138,0.000540007730753941,0.00102162453739765,0.000571406589295517,0.00910938690409521
"529.327655269568",0.000753928744896677,0.00227332756058071,0.00177091117149763,0.00296628633100368,0.00095716542019459,0.000426340166633716,0.000506241872378638,0.000577674261473185,0.00435021334377784
"531.307509843218",5.45818744245052e-05,0.00148780771520479,0.00193778796987178,0.0035740662829315,0.000401292293649576,0.000157847958132922,0.00124911421924529,0.000592255255980079,0.00108539851361051
"533.480993173648",0.00280143414357317,0.0149909330211524,0.0144121270014167,0.00670306467461507,0.00244126918169814,0.00203383633557464,0.001233142971858,0.000995302728243548,0.0179785182857467
"534.50456159645",0.0020147873706106,0.00816106595719853,0.00778591835291397,0.00250880950810685,0.00176529925561561,0.00234010949596926,0.000659006323528554,0.00105718783048149,0.00993787419970072
"535.504305269568",0.00131840351553947,0.00990464503361989,0.0110681469966384,0.00315344994276124,0.00142227488144586,0.00111835067002129,0.000557280748523712,0.00106547652783272,0.0111296091950163
"545.525756693661",0.000784121208992117,0.00210654136167374,0.00149397246954828,0.000847083113491731,0.000742260742215409,0.000660041118102425,0.000428061759720795,0.0011485626029016,0.00216208958929118
"549.483030269568",0.00122906943889611,0.00542646120096266,0.00587340847890223,0.00219156816875601,0.00162980353110164,0.0010497635507304,0.000402968696288269,0.00118137165575052,0.00780564385597368
"550.470680269568",0.00108818370325803,0.00145675668179863,0.00169617292669304,0.00377891806039616,0.00150414423967626,0.00100202854255438,0.00057907629451282,0.00118956008660441,0.00191462612507313
"551.853730269568",0.000713391295009644,0.00316916412557791,0.00212122980360107,0.00266279624863474,0.000972072046793939,0.000518719189428,0.000980845507103065,0.0012010267086795,0.00339339966337126
"553.306258103706",0.000622630069680741,0.000823081179310238,0.00153358078842048,0.00456213365113102,0.000849990525160157,0.000613638658522339,2.49350642564347e-05,0.00121306935914595,0.00508215057538599
"556.361634137005",0.00059198869923878,9.213299319953e-05,0.000195522230369984,0.00992289523952024,0.00145784861691606,0.000455303169379765,0.00299556801694848,0.00142140710400333,0.00863340393249467
"561.548761993432",0.00414641800995914,0.0203293886156181,0.0190760223079835,0.00984069437160684,0.00270708727116576,0.00245196799921197,0.00273770305861147,0.00109659261237571,0.0252586079926903
"562.530539823133",0.00503008267078776,0.0115207894740255,0.0113386829290501,0.00491018570807985,0.000547392169865966,0.0027617295896221,0.00234246975524126,0.000884432036879436,0.0145400829434058
"563.533530269568",0.00438105107525095,0.0132132775852295,0.0144710981353531,0.00578388174009851,0.00177117535189968,0.00158667220071934,0.00176414085996144,0.000878167313188974,0.0149825504644665
"564.539080269568",0.00175347289604417,0.00789137040168865,0.00813701797587095,0.00223606065304441,0.00156790978349369,0.0015701130920034,0.000879017163426181,0.000871886602411184,0.00890055396525062
"565.715155269568",0.000595659776460578,0.00195306880934981,0.00252153491183899,0.00575074750823296,0.000567559804502665,0.000657232927353108,0.000505532600247083,0.000864540784771098,0.00180198578117353
"569.614074030599",0.00232924038243346,0.00705504190163752,0.00468467486034163,0.0041752548322531,0.00175188301530003,0.00161905096641283,0.000722452056190496,0.000840187961854153,0.00796554564171092
"571.477030269568",0.00119558003490595,0.0073012769972123,0.00487874614697282,0.00386373548925995,0.00147986837425923,0.0010682376820795,0.000928387345484024,0.000828551852930038,0.00754848964387341
"577.513605269568",0.00164059324301147,0.00835282351058119,0.00770758397971141,0.00440296975533156,0.00113131992793572,0.00113857849966138,0.000801828449225762,0.000790847132465183,0.0105386972844216
"578.514829771021",0.00138427979974803,0.003799634300562,0.00296419005909216,0.00189112173051208,0.00082201625213878,0.00104395229388372,0.000766839023426231,0.000784593438946946,0.00488545720580962
"579.517256693661",0.000706674928509403,0.00145446248755266,0.00138493915081006,0.000527331393915136,0.000217934899601477,9.61471488815723e-05,0.000643042357785298,0.000778332235051593,0.00277476845970177
"593.503080269568",0.000719207684549179,0.00359160038343983,0.00371358784111168,0.00193797835769248,0.000414912964535587,0.000508866506446053,0.000651485907644411,0.000690976148462697,0.00415702108472123
"597.490455269568",0.00241512410998122,0.0105164395138875,0.00726156963846088,0.00693754273793875,0.00157401988913965,0.00171423868664801,0.00128033429520233,0.000541701938427697,0.0119593699173013
"598.435009596947",0.00291300016048854,0.00566948920898243,0.00110035871279247,0.00319770657244365,0.000749497662224497,0.00156672914367933,0.00148630533650186,0.000535259552953448,0.00676874452372152
"599.508930269568",0.00170201026652953,0.0113022164699,0.00757265357943122,0.00617774819480183,0.00199410588406508,0.00143001319075538,0.00156018576972826,0.000531654009118226,0.0122943172391399
"600.450344550488",0.00147369561384194,0.00487298966660064,0.000908012394208933,0.00484993078869386,0.00275956140869952,0.00164595204667815,0.00104650667335303,0.00052849333762405,0.0142953081060772
"603.510823360328",0.000289806484132943,0.00134505130705988,0.001433481075773,0.000503655278655495,0.000891678974288495,0.000241868123374092,0.000653910670255297,0.000358893240865188,0.00188495893101363
"607.521390026994",0.000296770912091083,0.00203910244123286,0.00175291320130542,0.000534902328919982,0.000304535240863962,0.000214058852502835,0.000272913705734046,0.000343548446353455,0.00232961758190978
"613.435863104354",0.000389831375522829,0.00202932619236432,0.000171638648075964,0.0018798357896501,0.000236647461151469,0.000302525557389669,0.000577530395581452,0.000320919131954672,0.00360893337312314
"618.673258103706",0.00031406196491484,0.000854353478785119,0.00131556724436515,0.00218070076211504,0.000153192597646312,0.000245651746844521,0.000722468833416708,0.000300880380146903,0.001622179603009
"631.548156693661",0.000326287422268586,0.00133807944540572,0.00180075203749813,0.000607279513912638,0.000480226600092292,0.000158283574759162,0.000375306042667731,0.000265173920159318,0.00281263586888906
"646.054924770373",0.000155084282503922,0.000421614355758661,0.00284356122345094,0.00839216788223237,0.000590859839111291,0.000241119782893885,0.00103301999721723,0.000331534195870574,0.00293767093431081
"653.365856693661",0.000978826974092505,0.0055483062991664,0.00689907592145031,0.00376329579665304,0.00103145245732887,0.00174822000185048,0.00123339684868669,0.000810079308696101,0.0144044348745675
"654.388536739269",0.000851709346931048,0.00125659898123602,0.00169387548271871,0.000895325930360524,0.000656239969778121,0.00185883288373454,0.00177674632717288,0.000820780589747881,0.00744604517655057
"668.391555269568",0.000431427681993966,0.00539849010432182,0.00489576093268868,0.00459700713475391,0.000586748512654026,0.00116218463164665,0.00124226421294795,0.00096730758761936,0.00652289857117897
"671.413320849409",0.0043709023851498,0.0266706832894774,0.0243827428895625,0.00990219238449935,0.00307307433888878,0.00360039565547701,0.00160847766614056,0.00148254984078233,0.0278596119341032
"673.318455269568",0.00368377504698872,0.0158282098518774,0.0123468306339041,0.00532160598543787,0.00225996234224887,0.00106208246276222,0.00120679776370222,0.0014963819838262,0.0138498444131397
"674.385480269568",0.000604098728201933,0.00777205131761387,0.00692459457645795,0.00263034381756742,0.000943632332494213,0.000809098181764684,0.000863779906601101,0.00150412907100032,0.0080205611862707
"681.375335135123",0.00346544541458435,0.0240646057474064,0.0301893841581679,0.00357162803484267,0.00237102574813724,0.00305487914253631,0.00152616584120052,0.00155487859887257,0.0314206963261428
"688.560209843218",0.00269006457737581,0.0265097314398872,0.0118447244172177,0.01056226211711,0.00164865174857215,0.00259859999174306,0.000754843362095445,0.00160704405956818,0.000456773648673022
"689.515756693661",0.00256673880403415,0.0166526755642967,0.00677352267314313,0.00423479358311749,0.00135784238409694,0.00299276727356927,0.000151140931208715,0.00161398176463539,0.00452240452685791
"691.482196437687",0.0017402048999356,0.00157551347827668,0.000853616165032832,0.00458651007122222,0.00253533775490089,0.0015912868976479,0.000728284614372237,0.00162825901223467,0.0165367313678651
"693.555380269568",0.00490957669123682,0.0235129496584021,0.0170856037089127,0.013135270991409,0.00448076392142224,0.00412300227443649,0.00281522604663154,0.00150485107737611,0.0252723119319545
"694.654855003017",0.00612532955886676,0.0148771598020879,0.0103543745998189,0.00735503197621219,0.00455688021586675,0.00426102216171947,0.00309725239464492,0.00186813045178553,0.0157969466093216
"695.553405269568",0.00474979794346892,0.0130312127669739,0.00876335079737963,0.00595052607043483,0.00228985167366756,0.00378949745815301,0.00297466629310399,0.0039263521328346,0.0140475650977596
"700.557076509884",0.00184280479173179,0.0212559077329913,0.00832346401249118,0.00167209182928473,0.000929165450852368,0.00184673313081724,0.000315644930206366,0.00401451384724936,0.000455298943207927
"702.578475732874",0.00273234245780378,0.0253771304883057,0.0244965011237415,0.0245606293136357,0.00388529530218969,0.00507013645764353,0.000496494084894831,0.00405012970058113,0.000118796785329312
"703.588796437687",0.00206590232806286,0.0159215503824361,0.0142026528863189,0.0153526247942138,0.0036609638719965,0.00447343846214646,0.000514814455506303,0.00406793095113639,0.00290795748545971
"713.250405269568",0.000954106942992351,0.00205180865130383,0.00369634716003992,0.00518509941643771,0.00107210664393722,0.000584809617215395,0.00105349178773006,0.00423816275848623,0.00212351872643179
"714.572343176551",0.00143479246978112,0.0157747862113619,0.010936899833418,0.00817862319212499,0.00130488826262486,0.0023193788135916,0.000956388105289212,0.00426145451900208,0.000325806999263975
"719.554709843218",0.00168692228942609,0.0243099173985423,0.0156417166456375,0.0116343357749113,0.00440362263081342,0.00340162043399592,0.00156138538737406,0.00434924085948687,0.000168359527934805
"721.585300443591",0.0129236118321787,0.0561152617930649,0.0391853446161903,0.0240391628689778,0.00779685731906392,0.00368069397062853,0.00503169710866548,0.00641707451371914,0.060371640830868
"722.661716188676",0.0117597641557401,0.0359725092189855,0.0250623166492111,0.0152230401028639,0.00458992566438021,0.00459929643279313,0.00581191582479637,0.0033844650707737,0.0390614702209483
"723.55190159645",0.00851299572566466,0.0314042110226598,0.0219561068769836,0.0131807109271837,0.00547603138723891,0.00541337262452129,0.00525122514742596,0.00370196801084188,0.0342176884607981
"724.589376509884",0.00506175686834977,0.020418144343452,0.0140999575023387,0.00843884512071358,0.0044931256412628,0.00437518392426009,0.000892706210395055,0.00292457095497989,0.0221332995085749
"728.591343176551",0.000588605075750707,0.00934424009783891,0.0175051163206533,0.0108288331682774,0.00152581608150672,0.00241673796119721,0.000525642906711038,0.0032777224358134,0.000979311631861238
"729.923043176551",0.00146365370148811,0.00549102464794539,0.0113343403088479,0.00659636508236959,0.000888153017164991,0.00255414263383038,0.000338399895259635,0.00329276877667621,0.000693734312919798
"732.564209843218",0.00170287072789847,0.00578297030366133,0.00339930473690479,0.00163823626849981,0.00227724600570044,0.00130607579799363,0.000671918146028545,0.00332261025294127,0.00114409600799714
"733.573349420838",0.00187732898771419,0.0110548207496674,0.0158647333552128,0.0180315395729845,0.0025392059420833,0.00339285179361444,0.000744302493676241,0.00333401211376805,0.00191468903087531
"734.572843176551",0.00169060690220729,0.00613183560716901,0.00991435161033078,0.0117265878362458,0.000814888664675182,0.00303842267913107,0.000819660225063111,0.0033453049903459,1.34077437239744e-05
"735.573976509884",0.000637095753073208,0.00248718721763588,0.00385799161933337,0.00670339083575812,0.00085442785297092,0.00139289191120087,0.00100420462186747,0.00335661639184958,0.000565950174308486
"742.606509843218",0.000505390090893541,0.005493409946625,0.00769031947309286,0.00707985943002806,0.00104370853470378,0.00134338537955775,0.000591577298965371,0.00343607414784752,0.000208393982082764
"745.531155269568",0.00165254912416093,0.0118479971595349,0.0152398765387002,0.00540699007943769,0.00137854915037308,0.00188561516976845,0.00208050194422705,0.00346911853621408,0.00585467267668333
"749.605959005069",0.00841693652770029,0.0589567428147316,0.0410484956204235,0.0218428564477899,0.0105964154111066,0.00589037119564592,0.00527920419239683,0.00682324321919945,0.0633009964900343
"750.528230988869",0.0119053081474987,0.0396063672740468,0.0276293735801,0.0141874521756689,0.010014313625298,0.00653794374416765,0.00644755096074531,0.00658926511710063,0.042607267776275
"751.61009143704",0.00561362875025178,0.0340689561466693,0.0226281324104442,0.0134136428203464,0.00655182046125227,0.0036827788679336,0.00466458399541598,0.00302159583692733,0.0368067872652759
"752.616329771021",0.00608600417005003,0.0225632954224793,0.0134644846819141,0.00865147997720155,0.00367028404632931,0.00301275111809993,0.00268909412957208,0.00164806830740674,0.0244878008727831
"753.615656693661",0.00253803771445526,0.0105993556620322,0.00620652126343158,0.00394337501043285,0.00313260546769455,0.0027298705706452,0.0026097467725744,0.00110545852210016,0.0109368452662143
"755.039830269568",0.00117672399262803,0.00240498078990923,0.00175454573140548,0.0016593160479427,0.00124553114835764,0.000944413852755805,0.000561256566398068,0.000964675664891035,0.00547362309936686
"759.625055269568",0.00111005169800831,0.00592981133504375,0.0113517099727726,0.0077994555393609,0.00137040116210132,0.00188953494401584,0.000953217357772042,2.47210779029311e-05,0.00641951082332373
"761.542243176551",0.000354657096438065,0.00387052521374652,0.00266140551839412,0.00185220839917331,0.000626445376306974,0.00110672434974678,0.000860949229580621,2.15098613336729e-05,5.18546594904254e-05
"773.846063104354",0.000321288415423796,0.00194931158892203,3.39199734320752e-05,0.00421870923040025,0.000543642936454219,0.000213089434308921,0.00118673607744516,9.01432564943107e-07,0.00609259348582448
"777.635190026994",0.0015730621733729,0.00638417467593989,0.00179366454092666,0.000975146327524703,0.00101792806500414,0.000436280867170599,0.000527916985458891,5.3203428677868e-05,0.00515455618722492
"779.577748946389",0.00192310974645763,0.00212637401775572,0.000433279098954626,0.00286456486523282,0.000639170540493293,0.000255891203109909,0.000935785593472497,6.11940420538437e-05,0.000645385300202894
"781.587096437687",0.00168150367096152,0.00336291725429374,0.000869931566361243,0.00431472412159118,0.00099274978839395,0.000415765745452547,0.000952582141856942,6.94593866879979e-05,0.00272195997414226
"789.277480269568",0.000867719030540348,0.00534832585121078,0.0067507143364669,0.0076031698901477,0.0012828717451362,0.000275436225519877,0.000951582473959951,0.000101093373847859,0.00565737917649808
"790.283455269568",0.000702165020861731,0.00314538664790976,0.00385029701181752,0.00511175460896417,0.000841197012726183,0.000329541905886034,0.00112371347344121,0.000105231398805888,0.00249965867743196
"820.712101993432",0.000458029469931075,0.00143949602954926,0.00358798574046342,0.00676729101618651,0.00222404091290923,0.000429547834806017,0.00128499572464828,0,0.00592516128479596
"859.900823222159",0.000106281234753404,0.00039224538340352,0.015977571024357,0.00180158438452234,0.000394572744378184,0.00225040949761505,0.000151438040383981,0,0.000292723980413073
"887.228205269568",0.00042566502308176,0.0026003204801049,0.0072493173760471,0.00429488699493392,0.00134297174320572,0.000440442772180427,8.37796700087648e-05,0,0.00308460926829651
"920.957923360328",0.000161674453134969,0.00173413122812827,0.0044355365247385,0.00064309457212998,0.000475666497930462,0.000512312795116206,0.000166324713282387,0,0.00532566386148955
"955.124409843218",0.00034975445074299,0.00222428089293427,0.00253903653530032,0.00269884182035343,0.000459954220466345,0.000841701868372872,0.000398814312346772,0,0.00267128162301311
"1056.02574317655",0.000268037686601917,0.00419996803078445,0.00907727469520992,0.00248878696807848,0.000249816284535451,0.000169951179833714,0.000387986341206467,0,0.00136821405625335
"1057.94910526957",0.000297459958788039,0.00408808306725185,0.00516675712322904,0.00224320099148453,0.000260038793824776,0.000207300475632496,0.000439176451223833,0,0.00269412757160087
"1241.58598026957",0.000342220303536689,0.00418777364466042,0.00377814176983832,0.00311631909299201,0.000369151733975806,0.000296777343035427,0.000494369050456234,0,0.00400747452301187
"1477.58725526957",0.000516500010759482,0.00533238462040897,0.00563198740860947,0.00495591077044689,0.000359108960669782,0.000572805312233355,0.000520297170322754,0,0.00572110349777643
