"","V1","V2","V3","V4","V5","V6"
"150.012766666667",0.237466148264248,5.05833012634052,0.719153045018625,15.135819265676,0,0
"150.236666666667",0.457507654771307,0.489812665929575,0.665870785233695,0.329243818021852,0,0.642495610720821
"150.5027",0.534857288401143,0.822046245213976,0,0.332765265262149,0,0.535738023964717
"150.57945",1.72283954400361,1.03101938718025,0.0531729437408635,0.895115448018687,0,0.290813753078278
"150.65945",2.16232527945811,0.88736364345963,0.438162443439935,2.65928443786961,0,0.259809934003929
"150.8854",3.18899203519106,2.88979655915309,0.805737516874559,5.38761181955818,0,0
"150.98145",2.91262836948936,3.18900063426909,8.02928863942155,6.23432112117563,1.51904002612307,29.4021088454435
"151.1531",1.33008315675529,0.888113195153735,0.0447215839760032,3.32002234348585,1.44761359064702,0.443038031319473
"151.37735",0,0,0.461758320392971,0.822067032734347,1.3542994155494,0.692017452963197
"151.5974",0.350713890311832,0.507062487020232,0.338813140439966,1.16995593770949,1.26273293068774,0.219678296849272
"151.8247",0.310008062817156,0.364068338901403,1.02591535991593,1.7149215722603,1.16814959958546,0.0489754911000404
"152.008425",0.0157241909258679,2.08370387758746,0.352667904308938,2.5772107983765,1.09169855468108,0.932500800182107
"152.40155",0.0603474626329746,0.421575393969039,0.838282389975324,0,0.928112668013316,0
"152.4767",0.0714612061682025,0.53956508133176,0.351345537329028,1.75493209031418,0.89684149629164,1.16852334974114
"152.724766666667",0.124366447233077,1.31094179120679,0.937016499498736,3.7150334645816,0.793616807911509,0.781326776754698
"152.986266666667",1.33314894443398,8.68281653779337,12.9509190134285,5.08518585112272,0.119250965832558,11.2612931971667
"153.075",1.48050522457285,0.601925330497465,1.56399327720713,5.34065292172386,0.0472313892915503,0.0986842989783948
"153.26805",1.19524604412858,0.60328779378173,0.811790172343534,3.29668765583676,0.059851276289856,0.524748928871682
"153.47",0.013163017232605,0.872468075788305,0.532642717199964,0.424040052341094,0.0730529659003608,0.00750119408912853
"153.87485",0.00144578663436445,0.934770859642707,0.0813704605684539,0.679090940474179,0.099518447647391,1.9242020212269
"154.1513",0.41089143856918,0.00595438565685713,1.3289198383381,0.778006561215924,0.117590282719556,0.966752853696148
"154.523633333333",0.274978269484113,0.935732955562452,1.03433525219464,0.0742555451879346,0.141930114847839,1.11166945595655
"154.7823",0.117035457893623,1.01996921860288,1.98905923802516,1.1038753833845,0.158839434213629,0.790080103185979
"155.12445",0.00414252853549393,1.81476502812232,0.508232295492203,3.28859199237395,0.18120614924326,0.711937008377656
"155.34535",0.00178128143121823,0,0.948396771594552,3.04669753169002,0.195646620820187,1.57254628935808
"155.858866666667",0.418876540948535,0.973680466369558,1.45085947352554,0.437069339073858,0.229215759929663,0.826989010907471
"156.3519",0.0678719814587667,1.37432646352842,0.455898630470144,0.156514694307894,0.261445881416637,1.19703196296633
"156.53705",0.343335864338446,1.36716373608726,0.752246157907057,0.437311507391566,0.273549336882766,0.0154584972011394
"156.7744",0.233961743364208,1.29661835695222,0.695548764156747,0.0589823580531815,0.289065162726061,0.247869883696502
"157.0908",0.106291223803266,9.41899477952946,0.0352736387877674,16.8123617326782,0.309748572445117,0.422303043272837
"157.49655",0.114247194715495,0.359967524002875,1.23479261622747,5.20547146617821,1.33510288798384,1.13792504279504
"158.099133333333",0.122930470080655,6.55934092633528,1.85401652998194,3.70322022942509,1.3986582897429,0.230887849786284
"159.08235",0.315466374184832,2.34028963242479,2.5895444250279,0.239330412891377,1.50235968141697,0.348699117406445
"161.045866666667",2.16586203746557,9.73712575570264,4.12543052936397,2.38093118822546,1.70945483939354,0.661069982502506
"162.904",2.08237469365187,9.79563861657911,4.33662070949467,5.5247298598417,1.90543505323166,0.121880776160538
"163.0258",2.02205323247093,8.10024540097183,3.94434781601644,5.47855610315988,1.91807146463699,1.34807634857442
"163.06925",1.79777093978508,2.51364023512159,0.265493890948107,5.63652845436807,1.91124726927052,0.674930413564126
"164.8994",8.07236637857237,11.0100827768369,11.9895895284006,8.40647152429056,1.62380650632586,0
"164.965725",9.21517355771782,6.92745118580467,20.69417718935,9.18757577579447,1.61338959590743,10.725361670345
"165.0198",4.23804374391873,3.20799324313234,4.02073398278587,9.59491273037279,1.60489665311244,6.78917245551547
"166.0505",1.12483612107514,5.68920801457205,5.6921901146227,0.924454779783929,1.44301637315339,10.1097546452252
"166.860366666667",4.93704833993697,31.9151637791558,10.3345248119284,8.64073643918105,1.31581986327704,7.32842714254274
"167.0019",11.5617044914844,16.2267536665222,35.9500613328284,10.2187318441474,2.61686967672578,50.8038661918957
"167.030433333333",12.0679159529654,7.51465601603161,15.2275447129721,10.4828053668397,3.76185276806407,0.316261792479649
"167.0706",6.57717016073592,10.6126095246699,12.60854653968,10.728156678601,3.76146307684911,18.88093333294
"167.107633333333",2.48839352482841,6.7491824589407,4.12217932347929,9.07459472009629,3.76110378478287,5.14342644389403
"168.0305",4.52903971746749,8.78868316205734,1.13764532444094,2.89211629861104,3.75215026529957,7.99255414163453
"168.8572",6.78989355352571,34.6346275123921,0,16.5310292942619,3.74412974096579,9.51294201555049
"168.96335",24.6356588716989,47.0219545069657,37.6628379534092,20.3506374173768,3.34802471606545,56.3942507802929
"169.0101",25.1961662860946,31.506337742302,4.21402698025091,17.2332422395472,4.96702617772809,8.14417705613765
"169.0505",23.34113992632,29.4225944676369,7.17511553713461,12.546637292739,5.45110860502075,30.7439626163303
"169.085633333333",21.9902025582273,43.7703196324088,20.4509060800002,8.25571199129387,4.03249350450894,51.6515956493078
"170.839733333333",2.70962514348447,7.78720268147326,5.76093782772673,17.1437970468416,3.00679453884217,3.81815186013038
"170.943833333333",10.939789461824,29.8634337440576,41.7239309699027,16.833411437059,4.02820216357836,34.8728683976541
"171.0184",21.7318269860773,9.72077472054953,4.87037960710662,13.1954324208627,4.75983484258734,7.44863037592027
"171.065375",24.1634585067876,49.6099745396227,29.2812373302284,30.8712758686257,2.6684765899166,53.0231393700532
"171.1024",22.8748113619843,41.4815049526931,6.3172596726825,35.4485607317081,43.5064395318953,44.9832580990191
"171.1387",18.1883142442025,44.3799776287689,0,35.3287315658124,68.5663769721781,31.8147164085422
"172.06478",20.8095364252521,27.4404590476826,17.7086655039167,7.07176789522565,46.9698731770281,7.18291054151791
"172.0976",20.7286020239489,35.1460471738831,30.5827351194477,6.93603809468097,46.7247691607756,3.27640910533479
"172.941",13.8431432786273,14.0966332509699,20.7810878342996,15.7434334498249,40.5772269291137,12.7241920943222
"172.9974",19.9631387480086,0.630780322752205,2.60807361391943,15.9910504669593,40.1666874340745,23.7756523877517
"173.0504",27.1304964485251,22.5005057522586,29.392655080652,11.4829557790562,0,22.0085912120698
"173.0811",26.6437272064027,36.2135458980364,45.6358467906269,8.86908044234707,3.18400155631606,28.0244722650332
"173.11825",17.4740414778367,8.12966916827327,6.14962916644984,4.71414251451568,2.22793118057007,9.38683939544625
"174.040433333333",16.3824326998712,32.7840463665688,22.7011410345229,0.0138791576258988,2.33411657881481,1.56408804124
"174.9774",19.0979737461767,38.65153224082,44.5828013825868,15.7608834388907,2.44200421356797,40.6459210661615
"175.028",22.1798944245988,16.2142912352056,0.197930599518229,15.0893665469203,8.82493219527896,35.6851676147665
"175.06095",20.9407891353562,44.0122218654512,16.3641901875846,12.2786502206766,8.85940052864459,19.2552926243167
"176.975933333333",11.8686742190099,3.76814566541204,23.4888389339458,22.9301497204503,11.2127822101354,18.4816286477188
"177.035375",20.9633701479701,33.9998914786482,35.0483506358072,21.6557626544755,9.54301489502151,39.8379724607767
"177.0913",18.8079349940222,16.0506612948637,11.4569847582996,16.3122553246007,0,17.4809254444138
"179.0019",29.6478912216387,31.6462779884109,39.8186318482899,26.036336745654,0,54.4173903132488
"179.05406",39.9780440556017,104.345992782044,86.2269191444798,27.2664826302685,37.4346472538251,125.439937977142
"179.1441",19.2736926960021,13.7884592009718,27.7210401762384,13.8204264437589,0.885984097972136,12.7349732998986
"180.059966666667",7.98020617043655,13.8937523698451,9.92850463440016,6.95511677663124,40.6430925597648,16.1488178123901
"180.9731",52.504026591422,24.0182165423393,48.1130100583077,19.1518445321563,71.5755037477007,26.3378133768323
"181.017416666667",62.6352708368612,196.842935997991,248.037205500828,31.4639012762236,146.353579281369,342.856489127306
"181.082266666667",53.0076560398976,33.0852699809018,47.8232085572849,24.0603899931105,39.4624672057464,32.9632814308868
"182.02038",12.857015291698,28.0145123311383,47.951427938028,8.5203431971574,0,75.1596315148962
"182.9492",21.7640688798722,70.0409010693383,85.4434397609979,6.01985417982445,0,60.8709087086253
"183.01852",29.5681587887504,26.8410502827868,36.4621090339605,14.6367428715704,4.08587262628874,44.8082392973248
"183.097633333333",15.3771162318535,19.9934678874572,5.54098405370562,8.50747641695425,1.30467812981083,15.654892446107
"184.0607",4.46758348141785,6.83645951720795,7.82097832688576,0,1.44651959674863,1.92008867111555
"184.9468",17.7226666144438,32.7656637926467,47.0184039564579,0.212731068037915,1.81417451829966,47.2221053869677
"185.07664",36.0437944968042,26.4614991425174,32.7644693167106,20.6342477522802,0,32.9474203402931
"185.153466666667",25.073389714223,41.749728768512,51.0213188729398,17.6424946277218,5.46708403740427,35.7619894526716
"185.9935",11.5174614122885,89.4336015642552,5.29159712016273,0,5.32157664192721,62.5708977630073
"186.072575",24.8706834276522,80.96120715208,92.9253656156319,3.72055292003574,5.29778529545078,14.9427282453608
"187.016133333333",31.979050890083,7.42219150317122,3.51323410711701,17.6741350386239,4.9460569866634,19.1447199108553
"187.06",33.8132939161188,16.1247864633358,20.6279052651727,17.52592570849,9.24796883177429,44.242721145414
"187.0965",32.8368666353299,40.4795321316653,57.5429155535358,16.8191973384795,0,65.0952221706265
"187.991",18.7020627762599,42.8063673966209,0,0,30.1611815028591,30.5642808354453
"188.049775",19.3594172177787,38.6213502466376,31.6341351881071,1.37584929797182,30.5820865289903,8.58228648054174
"188.0933",18.6544264945124,15.4989855975431,23.5375988726262,0,30.8937818290729,1.93274601156633
"188.717566666667",1.00167966865888,30.3877456633271,33.0484351601646,5.02535240373631,35.3643386584447,43.5571791384757
"188.991166666667",13.4337423511155,2.69944576002032,11.3029628691441,8.23117669015695,37.3236685631576,24.4698053747253
"189.040466666667",12.6766955115403,5.62956076128662,7.51450808182852,7.25025570716043,52.1826850127213,29.7504050496212
"189.0765",7.96028883822926,13.9547285832594,18.3874390040291,6.26014425668758,58.425818317968,20.5652416484543
"191.019525",7.79552401297131,3.25241312962464,24.1484207401528,20.91026451605,73.1525126008423,81.613463340031
"192.978233333333",13.7888681512958,19.5435852526633,49.5927570859629,9.12881639236498,65.6709326134945,38.401989903126
"193.07248",22.1461844014437,23.7716735097327,43.605576402468,10.5157329228418,56.2914615851464,42.8290820797008
"193.158266666667",18.110620322581,7.68742065396886,12.2680893420991,1.98988257540875,55.7973038261605,12.6019550756843
"194.0834",6.51715190904849,10.3697277047845,16.5335477574379,3.55236969731217,50.4682494110067,10.5024723098571
"194.98815",14.6507548824408,11.73846547846,19.2864654362128,25.1163172202738,0,31.3278933937159
"195.035533333333",20.2030026639772,0.00141168695878841,8.17898775128818,19.2420589200819,8.95536995700948,16.278250623333
"195.065933333333",20.1057598583569,8.88080640210168,7.8217372251468,16.7611514835675,9.5112351854428,19.1337830635709
"195.1387",14.2909252492382,56.9668800383321,68.3970599822139,2.44532603103333,10.7514906576378,59.2530862100627
"196.0226",4.0331060200548,25.0684288235196,0.116992530487692,0.743689071126248,9.13238569908083,15.0809563598984
"196.14135",0,7.41293165114338,10.2672498312706,0,9.02955025670822,4.75281775869245
"196.8426",10.7191428746467,12.0660042899315,13.8733149458935,1.85009772292944,8.22457948684323,31.8177818222861
"197.0708",17.9294269073256,56.820561450696,73.8161012254093,11.1979758152819,2.46662470191874,59.8504521871379
"197.153866666667",9.76292142764377,17.2497593733598,27.1368549632586,6.04040397106874,0,22.0879066819418
"198.047533333333",3.83351743317052,5.47593852903549,10.2809876188007,2.24438807635428,0,8.24013695800748
"198.8398",3.52502177443025,7.20794261617301,3.8431220996857,0.0028208801416157,0,19.9731434154785
"199.07135",37.8103555539109,67.6712775992565,14.0175673218308,30.0867212414397,9.86884336180229,40.5371155249087
"199.133",34.6525312225328,11.0424239346645,6.30789477248558,33.5029474079921,44.9056669486106,0
"199.169125",30.9607181926162,40.211390635024,13.487402717281,30.7779296384107,45.0954021871175,31.6115933528623
"200.092375",23.9517148565753,80.7778110821716,97.0105854335542,0.705166068199696,14.9037634144546,41.484652337812
"201.04195",18.5545174055876,8.85716438113367,3.89739658186405,9.31047298586211,11.7504841987372,25.857449300394
"201.076425",19.6978240822428,10.6955343623533,10.9114585878305,8.08071358378602,0,35.8039952804853
"201.110533333333",18.687110759162,13.7061990809861,14.9299635761658,7.34040509219876,0,27.1952718467449
"202.094033333333",22.3039642202351,11.5842315364545,28.2645817464772,0,0,4.31895321203518
"203.0565",10.9886479332626,13.9403705841271,17.4538697370923,6.54645003822501,0,21.0837012203166
"207.082433333333",21.3117896855819,1.49796621299539,3.42089097442504,7.0184374268938,7.14909419045889,27.2914852828075
"207.1384",15.5796770174108,103.89504663585,129.409402056979,6.88580729801288,38.5774154968533,116.518540346551
"208.1323",9.2358446815252,32.3378063247705,41.7960539255438,0,57.079387500238,35.900468285234
"208.844866666667",19.068618198957,79.6945457628358,35.5967306370395,11.768433592265,58.7222631743607,36.0510561355994
"209.0202",26.5564769914414,74.9379636764354,77.9633491921561,12.4450674401812,60.0004502674896,127.97406982222
"209.080633333333",15.6564113073185,9.50783041656364,8.50067893883623,12.0721924866871,39.9007395348613,13.1858029045136
"209.1538",0.241979151177459,27.969087220047,31.3041324631392,4.79329622527335,39.5296326224691,37.5880573931628
"210.01515",7.59421532682808,4.1986757010951,0.955392787313614,1.3365905942046,35.1607997433676,20.0298150797372
"210.8417",6.21362234735542,75.5286262198723,41.311961621633,1.89164867488456,30.9684751178131,52.8019574506566
"210.9447",0.0189495709826483,0.183543784535177,27.5753096506418,5.17758620464068,30.4460512639239,35.4314807667854
"211.062025",14.6617850723665,9.85574442695134,20.3219515064602,11.7430784660404,29.8509699177341,21.1033995023054
"211.091833333333",15.7011045854515,7.52401163971277,3.27091027307129,11.5764590015704,29.6997797781435,56.0527182456696
"211.131866666667",13.4429300867826,10.2612474055471,26.216403082954,10.8787952698782,18.1531219590503,47.126812811376
"212.840733333333",1.75772928037279,27.3171389181709,21.4426776843313,3.81184831741483,8.63438583523894,17.1860879766787
"212.8867",3.6896008828251,7.39513101650087,35.1902326375685,3.80743636253354,8.39194776302516,17.2995912318972
"213.04745",13.9299885317431,0,19.4364927389544,7.58018182117397,7.5441177389189,0.303917532690212
"213.077833333333",10.9814848719128,8.88551489100013,14.3251817279407,8.85639485006904,7.38386951352458,16.5052986675206
"213.149225",12.3740833290332,40.8271218797774,74.8700452583871,12.0334401356136,6.27799445269935,42.88588092279
"214.1081",2.65726567097227,15.9238693665717,6.45868021107013,0.906439227765598,88.7441928335904,0.124949011589583
"214.8818",8.15839955651981,17.2673851224388,27.820182964842,14.5314012544511,96.2591077383027,13.4455720544573
"215.04646",25.2585423168479,22.211251657499,16.8301985019478,14.8356720221153,116.190748449475,147.49227411671
"215.091",22.1473697990154,10.9236362360178,9.66575680814203,16.0515179976757,0,15.9977973742182
"215.1307",18.564254194992,9.31253060084119,9.75528770915863,14.6229335830181,0,0
"216.046525",24.5326799583188,98.7477299196976,82.5373193742547,0,0.0833209608712853,8.22841340137377
"217.05168",12.7880021866528,10.9546659649873,11.878279710994,10.4261841830638,1.51115901830226,67.683409809568
"218.18105",9.20103856061713,14.0528035552223,8.52965358796612,0.144988783857346,3.30360554639329,9.42207621456326
"218.874733333333",4.04028333514053,43.4247870846405,16.7367813023394,8.22486567251463,4.40456473817931,20.8148884178967
"219.02445",3.97870502218758,19.3465125856081,1.33350960240574,9.10054408515892,4.64218316204803,54.7731828952606
"220.146566666667",1.94316686468925,45.6922729337593,2.97400026898246,22.1028264161847,12.9717303746123,38.1642663141655
"220.870266666667",4.14594676679285,42.6815569017228,28.558247686736,5.73715434559008,11.5845944172169,18.5987289091331
"221.150125",5.64579659873385,26.6171321064757,28.7108367426566,10.2503257992279,7.8447521515728,23.4415936962824
"222.044933333333",12.0378485983772,34.4426635128686,18.1713136166005,1.19113599580957,2.50616751897167,0.677152009341872
"222.8928",0.629248289234815,11.2295023981603,17.890975122871,9.60055812245333,0.201674820954027,4.16676297550552
"223.11218",25.4559639496765,96.6969145048461,122.024881619905,13.2900331491928,0,108.215657863782
"224.137066666667",8.37406845012389,27.6977105804758,33.1187695438687,0.17054061114738,4.21293579985247,32.4961267814257
"225.08286",35.1890146817351,52.9621849580426,35.5192251202052,10.3395502926157,5.33215036577742,25.2838939829706
"225.149866666667",34.4676329438844,34.4846363218099,57.2736894683191,7.67993501272066,5.41144341501419,37.1007862396167
"226.01185",9.88698637652222,24.7844327026253,0.109322088263886,2.23701768706014,6.33603509401036,12.6731681928338
"226.1203",12.4600476526143,15.6688796849891,14.3434687036865,0.00606424345522444,6.78840156211889,10.0965817548282
"226.81555",1.22771787575928,37.0666637637568,11.5037185220828,1.37366822163997,5.07668431714987,6.58116447795708
"227.09685",39.0977737305733,79.7118000295015,42.9250050083182,25.7159980060542,8.14011903862433,54.1680510635451
"227.1297",32.787679434165,11.2093310357913,20.2571017087397,27.8269291241864,38.431236355507,1.35526851458057
"227.200875",32.6299902338911,44.9257594712079,25.6252127786077,25.2651947692607,42.6700719103609,43.2595673897715
"228.10685",4.12132634026757,18.6256119466825,2.55710779904138,0.0172783714545939,38.0788314430758,7.01956465427478
"228.902166666667",16.3161889839276,32.7222394438009,40.9157146315491,1.26424609229876,36.2629218168233,22.6175134799099
"229.07848",23.7684352828588,28.0865294197946,13.780522300491,8.31210034412925,35.8603537673219,11.5358381476605
"229.14635",18.2269905465785,11.200699746182,4.32619596304899,7.33352962655762,25.4243483151294,16.9581785283775
"230.10195",4.13663434681563,9.86767651931675,6.41749113268783,7.78166559151929e-05,23.3570351925215,0.765215124444817
"230.901933333333",4.65833026633546,25.4390502181953,17.9784568867124,9.65301956936122,21.6263779689268,11.6703990512039
"230.99255",6.20912911583463,4.54356876911957,6.75713729116937,10.1136084309792,21.4303408988895,7.85395043515919
"231.0863",6.44272081359093,8.14145379980463,10.7695948750889,8.42529007568144,21.227525280174,17.2081340174918
"232.932933333333",10.1796188330504,13.369996452911,13.0547138182052,13.7764069480193,17.2325804050748,12.9606223473037
"233.1272",13.9294838697151,52.200559405132,47.3314335460434,15.5157197011188,16.8123103869857,65.9774395947541
"234.15575",3.28211728210507,10.2213692383665,0.123502155853179,2.57871558444399,5.40312751025141,15.8732837662182
"235.0496",11.786053858475,27.6787424996518,0.59324573743977,5.72673899597747,6.36511233050904,19.8076019572475
"235.170125",9.5678508219009,36.2653681411595,49.6864572362622,7.30874481948472,3.75805292652187,54.5303187137618
"236.09515",0,11.2992614343496,20.5554633763637,0.0600560639849073,1.56910278452022,1.04179559752881
"237.0137",4.88397224694303,26.2854521970973,19.0260410044004,2.79663019307448,1.09363826781279,9.66413399246206
"237.1493",4.24051527622516,10.5580537997478,18.2036338222834,0.327363845920889,1.02344830704252,17.8110762909333
"238.976166666667",18.4344392576426,41.8173439030234,71.5102772859852,11.6203229545098,0.077816303606969,66.0650270695639
"239.06015",26.3855511123253,21.5897930966297,7.18387146040855,15.6223948253065,0.0343444240199635,20.8231035729864
"239.09125",28.5910900882559,0.0707684589855138,13.0026255771022,17.1977778855995,0.0182462840497872,25.0672156510335
"239.1279",25.9822909789536,61.2786061862522,104.939175906176,16.8127967551643,0,93.3944393358632
"239.2208",12.6787307391445,8.96002802906374,2.16253346969958,13.6516645594003,7.89779215295641,12.5205616104047
"240.131666666667",5.14812989928154,20.9527483691988,29.4888523948851,0.00457403019414682,7.03598374738831,19.6948466581388
"240.9104",9.39750295421049,31.4044521323476,31.81760065472,0.100874737585128,6.29919212143258,34.3230488085856
"240.9768",0,27.6398739356165,32.4734784032876,0,6.23636835125434,37.0421290899352
"241.115866666667",32.9680475406135,137.867926585186,26.0962100859092,17.4260954524733,0.495438991181785,51.1007910603735
"241.1446",46.8197962695043,48.8934932218997,20.3672768467087,19.0614909793649,0,0.0712171297411825
"241.182",45.0607421358764,0,0.318196290343917,19.4829252468531,3.37528910643935,8.31398651184026
"241.215833333333",41.2827461483954,28.3531293938621,15.1686228189774,17.0357145615399,5.62577165919473,24.7464405510613
"241.2547",19.2665682067904,74.2993112208498,74.5770272710104,14.6981798238217,26.0563880249228,99.2037956253213
"242.12125",36.5521346825829,44.3107271169152,0.00418252363894865,5.72978413346597,23.5758820889993,13.7562084946665
"242.17898",45.2359387561503,156.373835339147,175.823060991998,5.98412192627932,16.3130656050605,171.239511228909
"242.2565",30.460775401656,25.0304339315143,16.5145213800578,4.91741853776014,13.9268110314527,35.2177494532032
"242.904933333333",0.0289037064873527,22.9952105947135,25.0006063415702,1.3115368576348,10.4353820461141,24.7192110761573
"243.064",22.3630325916716,47.3390803116603,14.7918631379545,7.82710822865552,0.391903262668158,3.16569655920284
"243.089525",25.122593455335,13.0028844053513,9.37655728639363,8.01659269847853,0,15.1592871292907
"243.176433333333",12.0802185216456,38.2996956491621,40.1765258388614,1.67077466711768,0,33.8837088324667
"243.9525",4.90288946358175,46.0954499166217,0,0.528194022600158,0,19.3884560653139
"244.082333333333",0.00207762461683869,46.65115642925,38.5550893021576,3.27309226384883,0,33.6848296706666
"244.96375",5.58828107311165,10.9105104278035,27.131865313623,5.67413456334377,0,13.7057458277141
"245.0721",11.0127160503989,1.61598670233973,0.177321675124112,4.44311929381671,0,17.4589188892689
"245.103966666667",10.2835660991109,14.5352273631722,16.4117720113502,3.58767308176503,0,28.628721147618
"245.94955",1.35131286259214,33.3495095174232,0,0,0,12.0267855392417
"247.079433333333",11.8053511636818,3.82233134378059,1.64687905344846,6.55964124492414,0,11.1077200967361
"247.17",11.0252865575513,39.0133039174009,44.4496412746676,5.82405084870704,0,48.3037611407356
"248.9998",5.50571005425835,9.41910866717484,26.0482069897148,0.105684452949191,0,26.4412505492624
"249.15065",19.2092748500671,46.726743842681,73.8740285883236,1.443809378554,0,52.8172498658737
"249.185466666667",15.9427205035687,15.8079469235123,24.3388457053645,3.06351865265056,0,19.8941238164116
"250.155625",12.6685605673815,55.7868349546355,57.6432731446823,1.71990691491402,0.00704568254271686,62.247926248573
"251.1299",18.457691631742,23.6346533087576,45.2487590451776,2.14507566259279,0.691777089955788,32.6775995805588
"251.165",17.471022675418,13.1125413495362,26.564779768268,2.03817357074734,0.716445763995662,27.1975847160846
"253.1529",28.3194222772021,48.5270059487826,68.0434104428853,18.8733266201028,7.85416618258689,57.3219113987005
"253.2164",24.9135625348872,22.5335569267639,5.62880973894617,18.8625643011757,1.34403084083912,29.7878559486321
"254.1475",5.33841376176796,6.83112337665059,18.9244024854513,10.167393068096,5.85924934462313,13.2241780363076
"254.9406",2.74455919530149,14.9969993528415,10.1536443780479,3.45316630957866,9.26294381391169,0.219237425010335
"255.0867",26.9104171571104,37.2072935441645,33.8657282957255,16.8208801004159,9.88995145728974,5.84406546953036
"255.124425",36.1869058131456,51.9827903985479,54.7854099178151,20.2441254767296,43.5686353272355,23.4556879384171
"255.159066666667",35.992576048061,33.4269591423925,52.0708252896214,22.4988496205943,48.2171864620265,39.739635682821
"255.22626",27.8360972541917,89.829948396019,88.49821685002,24.643499412804,54.5617826944175,123.331847875722
"256.2356",6.6094716940874,29.8984455009922,30.6038810939571,0.011862348471726,40.06787650298,44.9306025252288
"257.07665",37.7018989299878,75.3514045536643,1.17157990642168,9.30851798922082,2.44817816096799,21.6495790024505
"257.10338",38.223956458812,25.8933117352554,29.5078347635431,9.6648636658376,12.5187801191096,19.2162168378768
"257.140266666667",33.5958485922837,29.1708799326259,48.2402779038013,8.37620346775572,12.6968688213643,45.8135871915096
"258.097733333333",10.4286934594621,44.9235944530732,47.0671298410057,0.554784059691845,17.3195146586276,21.3003396908569
"259.0758",16.862350558343,55.4345124863719,1.94468510392075,8.07406142099977,22.0416172264149,20.7705696513354
"259.10616",17.3081284006908,38.804823167726,44.2764428062996,8.6576271687877,22.1881952040148,20.768623901154
"259.1914",9.00252353555701,8.82297850195851,21.272069861775,4.90018807591746,30.2359219785727,9.67749451857057
"260.041",1.92024618350152,28.1794293177155,22.5464181973168,0.143802983565099,30.2944748451918,0.0134218174565
"261.11748",32.9358472140802,130.825827517844,157.339181274049,9.98056307401513,30.3686638633865,136.279755992582
"262.128566666667",13.1974620183474,31.9985886833285,43.4697091390773,0,2.19013227381301,36.9987973867981
"263.074866666667",36.0237903434508,48.5588834369627,15.7009075407491,7.97003811705481,0.0122743761178405,32.3220903510602
"263.11682",37.804160727067,72.8613520474958,85.7922689288249,8.06440158797348,11.1384783826758,77.0294189838336
"263.164066666667",35.7465635128865,31.4209913858946,37.1399218967618,6.57252114572868,69.7653624363626,39.204424841633
"264.1268",9.24106696314479,9.37323845094691,17.8934259272992,4.28773936657894,75.9526600607562,11.7493584938287
"265.07825",68.6901056652837,25.4811958428269,5.52231523718,22.316098869412,82.0674419228829,12.2792932590535
"265.12045",82.0645158627386,50.3432972497822,60.9890439614277,25.0607680190117,82.3386530160372,47.3438866543344
"265.15076",81.7351788424704,213.317873010251,287.11182295577,25.7399597392699,131.448686830725,360.750235366179
"265.181766666667",79.5129689804934,28.7138688395586,34.9862558933175,21.3635686931079,106.318203369335,29.2703846996345
"266.1512",8.40116893763471,65.245375962098,86.5698861035604,5.35757240238827e-05,46.3721908013034,119.496040283016
"266.803566666667",1.54823811778369,60.4006077835566,17.9092781552433,2.12347299811137,0,19.6574113545131
"267.0853",13.8794850488598,9.94569438405358,18.2730191786264,3.8412250883296,0,22.3523642260267
"267.120466666667",21.0286343112631,26.2789556279309,31.7443544847108,3.67741093670268,0,19.2552856431783
"267.14714",22.5340091403092,18.1964246114813,20.5887329689511,7.73281137247623,0,35.7975235969016
"267.19555",20.6388600160778,4.82862939857442,13.1636562815314,7.0285941424954,0,11.5723387590709
"267.2673",7.9441154247703,20.3273755670329,16.0679499769891,1.54875188910659,0,25.8331568557055
"268.800666666667",1.64082916907957,77.9849345127091,30.375770212339,1.83426724662901,0,34.0850741408218
"269.1022",0.466996187856228,15.7454922060208,29.370271713505,8.56580238924729,0,34.8197452665391
"269.1378",34.4779172679286,49.6153599283448,67.661288448533,10.987403886999,0,65.1455259198108
"269.21586",47.5875572682314,29.829578883742,38.2804073702608,14.4791968339234,0.148407470270778,40.4628615301218
"269.284066666667",34.9764506354362,106.032130191728,104.174070830341,10.5818903480729,13.8435102853177,140.44744317059
"270.14165",0.845713395585107,4.47496220345497,9.61361662899013,1.5941448905723,4.74145350996595,10.1281824773228
"270.207866666667",0.0677993462926772,16.1803828980694,22.1513202576705,0.500517481220445,4.5750624524197,11.3651876354255
"270.287866666667",7.74500532632047,42.1440566029627,42.732182385555,5.41207890571432,4.30146872993778,59.9139592738944
"270.803366666667",2.81625812707105,33.2422210815588,15.3027878907178,6.9047436050074,5.9703152983025,14.6639573271751
"271.074775",9.56578890625379,8.66800750634537,17.7516517056715,9.68528480226503,5.98601948166447,14.8668287809873
"271.11875",10.7008027629119,9.65211406589903,29.0652406558907,9.13376331505474,5.98856395572266,18.1318494819401
"271.1561",11.4971627528657,47.128195058111,65.2516070198057,6.71886778159242,5.99072509514446,63.0261528626916
"271.2264",7.26167042533983,21.5678309888105,35.8586780912285,4.59582859407085,5.99479278192765,53.9881829398822
"272.15885",2.80208922736793,5.02546716345677,13.8101925661952,1.60319011058507,6.04874604709105,8.8201292291523
"272.8385",9.76139887704142,17.8937387268086,9.78522641553495,3.2664681316933,6.08807184114789,4.32365518909157
"273.0846",14.3312059741554,0,0,5.7160792715816,6.10231163798066,14.1259854213821
"273.132966666667",9.316550070162,12.049087804928,17.3862618388795,4.94051335644417,6.10511022191733,28.3786368305128
"274.01265",3.62380186129493,14.0994840423239,12.2693275077095,2.3617390124772,6.15601031108365,1.13980025005152
"275.106675",6.92557079518212,40.0038344922096,23.3497280304357,7.36950772348468,6.21931260173772,33.2426859961802
"276.83225",0,30.7278597004871,15.9814484854503,3.12299026043066,6.31915753233381,4.92232285216553
"277.09515",40.7009246367265,39.9910538748623,8.80117328588146,7.30758906978735,6.33436940794264,20.8651966580245
"277.127733333333",44.4748468652872,4.11973287237331,28.9388623170482,8.87468680642273,6.33625473929899,23.2093704339964
"277.1806",41.4052392593346,33.4004545224482,53.7552004380649,8.59476450003438,6.33931370147926,68.2809021189006
"278.1541",3.79922186890944,43.9210289658129,34.6346779445514,0.137772113802255,6.39564219484251,39.0046943774124
"278.83",0.0151088898978309,29.7748629047475,13.6170437437994,13.4742336993529,6.43475100702969,7.98663089492842
"279.11356",22.9665851573033,31.5227395592731,16.6093972492702,22.5856627584026,0.056438141923712,14.078358838452
"279.161533333333",17.8671515680205,37.6876844922072,56.4463109082401,17.5497050146362,0.0796866890231559,144.0400821717
"280.08035",0.0178576043014688,10.0630206912939,12.4646744022308,0,0.524958073491781,1.03072594363756
"280.156766666667",5.5086270037731,19.8570398534033,21.0840732893035,0,0.561990657028519,25.6363947374779
"281.171575",11.9657726806758,24.2303642082797,35.0312505370409,11.9464185679057,1.05378094332429,28.1370037196632
"282.10355",7.8755588044429,33.0635282654665,20.0568186736813,0,1.50542903983246,0.823044751721484
"283.122966666667",45.734171823415,12.2991060981446,20.7687586877238,10.4826833978541,1.99945258879985,14.3220161383088
"283.1729",53.6657569404238,10.8176769208112,15.6824152892356,12.1890465871622,2.02365097926329,18.594033152094
"283.263366666667",50.8932842971772,103.59654254242,107.202456281559,10.887326731463,11.0291288459933,172.15526523511
"284.267366666667",2.92873262781922,39.5836714563887,41.5827505697593,0,0,67.9714644297135
"284.77495",6.47271828320409,38.1376774613558,8.97745404911837,1.0479710055891,0,2.08089176136797
"285.066233333333",9.99049620026915,40.7634295134923,0.104779009404757,8.19557233585881,0,13.2058360061471
"285.135325",29.2590563984173,20.9444626126742,23.8260994778121,7.11856976191688,0,44.7663287467825
"285.243266666667",22.5664237541932,58.3576938764331,49.6726050724946,4.22472535382085,1.07870208250548,80.2921402423448
"286.246233333333",2.73044623606063,22.87445044168,18.27339615958,0.254405061324434,9.17828463968823,34.6070230335073
"286.86035",10.16192631858,21.6138338264977,19.0247122545379,5.67104664648199,9.75562889690158,4.41132539339304
"287.08345",10.3267389962869,18.5735622332076,9.67675683434986,7.42859338628906,9.9653699946044,1.11218994977519
"287.2235",6.83618677001442,54.2004203272815,27.7377230175383,10.0378066350531,0.826155088761845,131.483674865506
"288.2261",1.4246484430032,8.82707355927259,3.58698823559619,5.72653078504976,7.1131915720716,48.3080451047276
"288.8593",6.75984725898337,21.4087054947192,13.8054279388046,1.47112902558177,8.63054627747091,3.56673835237558
"289.122233333333",9.51211235994291,25.5238343633519,29.9830078508385,2.09538094404641,9.26062070978151,31.1388768914444
"291.103333333333",35.2245461690101,14.8765349562763,15.9075540399785,15.90578810655,14.0079855342705,13.6481490453081
"291.16195",40.7839473008651,23.0219103691102,27.3809867006382,16.3143211543993,14.1484502768194,24.4570497758523
"291.1974",38.6823860484085,25.0770512858146,13.7793933086961,16.5917606143707,15.9236230978322,7.80622907471452
"293.117466666667",51.7081483960286,32.8314812664582,34.3878847398874,18.8372841045418,41.4034604211517,28.1831115644711
"293.17872",56.020331648487,174.283763054798,196.257343563834,21.7664349926909,53.6760175618541,242.115715842553
"294.164775",58.3637546578039,59.4337264069471,69.425860628226,7.64938508355077,44.902721023313,84.1771749855306
"295.0971",31.1343738419577,13.1839897213206,14.6653947536425,5.35148136844512,33.0680199609886,18.0357762906341
"295.157775",33.5544670122351,19.296213589054,11.9239458662006,7.20901739709235,32.8443330870316,26.1048290350893
"295.20815",30.5130544515505,14.7817002855332,5.31994791197409,5.32764643633684,32.6586186037093,11.8541869483119
"296.9286",9.80212171582176,15.0731376605623,16.997785818955,13.7979387544398,26.3159390437693,13.5005885300627
"297.14696",87.4365220161296,180.344506732816,196.569385497778,32.5531353356968,25.5109243623149,73.9186755890955
"297.243233333333",65.3575721512893,35.6110618936954,48.6221560594065,22.066857340068,0,64.3537570998519
"297.315566666667",41.4879666024431,38.4879980391172,32.0153186141523,16.2064253476862,0,49.4331004589256
"297.845566666667",17.0605710998939,9.73397326326647,11.1875059268917,4.99702221978147,0,13.334874738802
"298.15295",28.4219751491628,63.7272057397201,80.3017911550942,0.353519194251471,0,27.1601510673248
"298.269933333333",9.42516095697401,9.04289417836257,9.64821717754206,2.48373174861646,0,15.3768440528137
"298.8284",13.1433109079613,48.8076208294472,58.4205685337803,4.96001633312727,17.9139890784387,70.4217119618833
"298.951633333333",0.0948805399374369,12.7410169968774,14.0251157405648,8.82952002396864,0.596618953309957,1.46720198001401
"299.14975",21.7402728718631,32.7856940662811,43.7473628474548,3.47072018068997,1.43294082807672,33.5932951264309
"299.20195",18.7659615868609,2.53183744767556,14.8326401849068,3.21964381571851,1.65329584715359,10.8306555883981
"299.258333333333",11.2495444849958,25.3861720118495,36.6169648844605,0.723808251379693,3.24478451789064,58.5079802024683
"300.132466666667",4.26934721184212,19.9127171199529,41.3516044151985,2.24512371933113,5.63601004693736,19.5868270149998
"301.126833333333",7.25506061712489,11.6088085186757,16.411189443075,0.691538128853204,5.69075896164409,28.0388683977494
"301.186033333333",3.64335237558045,9.88576484067501,14.5943981339077,0.447643256742751,5.69401845923114,11.840359776634
"302.0204",0.156971519445817,23.6536877240694,10.7181898342641,1.42098272811455,5.73995792099997,3.37317261813628
"303.21645",3.14920104576297,27.7611465729644,20.1838571400726,0.454908246439528,5.80581133466532,0.263018186431665
"305.11315",17.0720700647748,10.4346475186476,13.2021291749274,10.0463653105327,5.91024189333685,8.77649646965385
"305.234875",18.4569963967603,23.6092141762066,0,11.8667597156518,5.91694395995481,18.9643350207018
"307.096433333333",22.236882358241,18.5925060746831,21.7927177561141,12.0636334044555,6.01943965075968,27.5698946163934
"307.156066666667",22.9578151113787,33.2612479637756,53.5546335100635,12.8494615945237,6.02272300728181,139.25125346846
"307.19794",23.4292995002617,23.2324768825221,36.2510499196888,14.821994073672,6.02502851452777,32.7095566945558
"309.105233333333",45.2122687258143,9.15077197587683,11.0117386989652,11.3859549043845,6.13004233239587,11.7683907797581
"309.169566666667",60.4979765288618,201.10776716443,263.55531828557,9.33772728703146,0.662398897530015,253.265682784418
"310.172066666667",25.0891393855924,70.4832829192796,103.418198692323,0.0123514500972548,18.1983556145953,100.793432234892
"311.0903",116.806880812521,10.092859394048,13.8577594040877,49.519428567993,11.498345680732,9.90162357086523
"311.1718",169.475230362273,262.580105751616,266.817042786598,62.2331941273836,34.0841498139982,208.531130746742
"311.2936",91.8412347450432,8.38257338728701,13.220114169176,39.7592256775592,0,19.0426077330978
"312.1772",53.9286317818529,106.451352059402,109.046195764034,9.33865385966606,1.32724406093809,85.5522232550134
"313.17554",75.0673271258311,41.0476571418673,36.3707890306331,12.98057985414,4.41047237275131,15.7469257566259
"313.238875",72.9121437476929,100.45815576904,99.0354573711163,9.91955835016345,21.9372682815176,160.177910549927
"313.273966666667",69.5350916745161,78.3077977495709,78.876000377256,9.16385033006793,18.6192061099035,123.159785012064
"314.11555",8.68179108519818,17.5405961345228,0.00725160292464949,0,0.252857639157703,11.6535532134315
"314.1713",12.5628819271476,9.12895876235084,22.4553068962946,1.25165290892568,0.141111199339711,7.08525455003838
"314.240366666667",14.2710605738298,20.711814791201,20.6705679702747,0.0177890786793571,0.00267256059284615,61.436371407657
"314.278266666667",13.4467534169156,12.4902846356778,11.0253731093706,1.19840690546331,0,45.521387049227
"315.118966666667",12.0702152703704,86.0419542215715,80.6221950692577,5.72949997446655,0.00882392044819911,63.4054785144843
"315.1845",8.66585499156692,22.3999775751352,41.286648722859,6.15429715626936,0,28.9658360942922
"315.25325",0.693330170258273,3.14070608561999,15.111548268526,5.70681821777493,0,16.5280851218724
"316.122966666667",0.828912612053286,29.5347377028629,24.0070664714453,0,0,11.5752286354934
"317.086466666667",6.365325920902,13.6307494697487,14.8125068131143,6.62009835420695,0,4.50434331986511
"319.0781",17.0459454847375,11.7771607546658,18.5053918839931,8.50199275523157,0,19.0469159422539
"321.121133333333",26.7735170565131,1.95409244306119,12.5297441602554,11.5448211658872,0,19.5448949545891
"321.206325",29.8981959643762,68.2585211228621,32.4858310251961,9.89950773379459,0,88.3725783671493
"322.211866666667",5.015299638695,22.5018170459607,13.7497341517985,0,13.0210436347458,27.1181221526613
"323.1015",30.8975646379422,22.431645551315,36.6217911093193,14.4813691598255,15.2763729912009,18.8696811805906
"323.152375",38.3499148538306,28.4524732367286,46.8027402769054,15.0163157817175,15.4053473413186,44.9404572608805
"323.219266666667",32.7539917592925,14.3793200719247,34.5010787648656,15.6572485742806,15.574925901253,13.4991202994063
"325.100566666667",91.7129140561537,10.649425799964,17.9237488130973,57.4611198303071,20.3442515990692,11.5015553544732
"325.182266666667",160.847151732117,330.996746539307,299.889955333522,63.5976003653176,58.2476420553646,240.553659651019
"326.20785",61.1272013178826,143.241106113266,127.615139014839,12.6961805343522,23.5151150233754,106.551077859018
"327.177125",52.4148815262281,81.8929030556776,81.2596842442962,13.8978435345689,9.9648125789296,73.5733076865761
"327.247166666667",39.9555069240155,8.74867979373387,10.4920996967762,10.8181003362093,0,13.1612034124705
"328.1712",4.77490326563228,22.5869226884754,25.2778366160052,4.11057102574633,0,16.1918684993405
"329.147125",20.6228394092789,67.1418129130479,77.9696570399411,6.17020845655681,0,87.4829484555517
"329.233",14.1604086198041,17.9072220615719,30.6042573368602,0.515199264789883,13.282475021841,22.8065166763798
"330.155666666667",3.26844681385871,22.6438842369639,24.168232330782,0.474180969894838,14.0478831925875,30.1626935688489
"331.100925",19.1169058990513,36.9650617698283,42.3068029100003,1.1396974653428,14.8320325261848,44.9008051140823
"333.113975",7.66196225907096,35.1574865494532,17.8859724777896,0,50.7256368976968,212.087993853145
"333.220266666667",8.53628700812319,9.1147594439455,11.1357439414111,1.10554991725025,50.6940260236186,27.6575497040062
"334.11585",10.5419331297061,8.91207111914514,3.20865529690371,0.0150062779543862,50.3894192406163,78.7031246088663
"334.251266666667",1.54161586529269,50.3273083535889,51.5714704644476,0,35.9619689363227,230.229747805737
"335.1124",4.07569722924421,12.4338913793999,9.7137252129715,5.19064571814881,0,112.55310001177
"335.23985",5.1520492372222,10.6110638380018,0,5.09512072757328,0,70.9429033929567
"336.248466666667",3.30732997206107,20.1555864050787,22.7673557893595,5.21464355504168,2.7228638078381,124.793581579921
"337.145433333333",29.6251465787461,19.8249245604885,25.9127912362448,11.4073256891196,0,24.1894183574229
"337.19316",31.2933155157955,41.6058138146739,53.7570916247753,11.8480720810314,0,60.1164146580122
"337.25225",25.4636377943766,9.40515108184707,8.85899000422312,10.3185396916372,7.67122003881278,20.5668880254049
"338.203",8.64421372229694,0.956064822969745,16.5090151551484,4.14666637134429,6.46964042408726,21.1825743641047
"339.141966666667",139.475405666519,12.8278421663825,18.1670639438127,55.2399848744468,5.28295285577395,19.3359850773343
"339.19424",150.52380126198,333.014675960538,294.930124800929,59.9190884550862,2.70468412956732,259.035173989731
"339.285166666667",118.397780755806,10.2625885647735,15.2572097427147,30.2389307856336,35.4058520345533,15.2590537537749
"340.202966666667",54.9192257263482,141.527558224955,128.319456746906,10.2648177582851,54.1842247188373,111.239791567767
"340.983366666667",3.84542985561551,15.4601010544986,21.0536647184728,2.35505984790355,60.3865473174242,21.3311541759795
"341.1615",80.4733890744024,10.69302298335,19.0662819597286,17.1864311157447,60.7623199409777,22.729480265013
"341.20586",96.3534203661218,42.6875755259477,38.7188002931753,18.0148120552294,60.8558974498523,40.1549325169077
"341.267975",91.5508612881918,189.823808984019,199.025164289468,15.3464720275548,60.9755905935302,264.820603247749
"342.2136",3.74149868831136,22.4785615358316,16.3945948366526,6.53552750452434,50.0005677104832,20.9229905255594
"342.272233333333",25.6015425990565,77.1873305219113,82.0909095259298,7.11731005135013,33.1131288851187,119.121427926778
"343.138166666667",19.5294401128716,31.8678040236626,38.7758277400382,3.16439576212588,2.34285448622901,136.956385328745
"343.214233333333",6.20580258298682,27.258549293723,25.8101433871614,1.04285013753707,2.25388730252466,39.8638524980004
"343.2731",8.74970457476903,5.97756576069787,20.0888779001929,0.614952056009236,2.18503715071745,28.5485125513488
"344.280766666667",17.5523405334318,22.3871401904816,42.3862254742315,4.14603009454269,1.00647537884775,173.989194123631
"345.0962",36.9186587532577,31.7845620739021,28.9052930940358,5.87810074573775,0.0527487289890463,19.6156595123743
"345.146266666667",40.1889666244031,117.119062220332,136.928992399158,6.76578794979575,2.34168951575021,144.60319717744
"345.2715",36.0601009435701,0.276595113627109,2.19973164550724,6.82962433606062,2.34972416221907,71.6241852784507
"346.151266666667",4.68702428579944,42.036506694479,52.3280444873425,1.70323741231509,1.24396915083505,55.6443649164804
"347.154925",37.253769014014,47.7341599879013,49.8514394629435,3.36880958537844,0,58.8899259395807
"348.1507",10.9789462625447,15.1396780161569,22.2222540901506,0,0,18.7901125249847
"349.135166666667",35.3333978050221,10.2153312030805,25.8548920105536,4.78894858005382,0,74.190827694321
"349.2049",41.9854638672423,53.853739236851,157.021137852744,7.86999050536326,0,2.94166037857879
"349.2426",36.4834242566416,29.4781349338086,16.3438580742618,8.59137689425438,0.0749186076258273,29.4996422914127
"350.223633333333",11.01295250662,19.0852156684074,69.0840928765965,4.33695013910566,0.622387801715965,19.5020797673571
"351.1221",20.5615590994139,31.4142644361799,49.5692385768961,4.74364477904958,0.947943663703328,39.2749984843988
"351.2476",16.7897242223953,13.5737634497477,25.9804103744205,3.27556380331278,0.993418094970741,25.88220636634
"352.25315",0,1.93522996468751,9.10632621835279,0,1.3577751815122,16.5333060202088
"353.1377",8.7326543900629,7.12716507071837,11.3138044687088,9.51774401061682,1.67828839408267,16.1024415675676
"353.203666666667",23.7577841193211,53.5958002141494,60.3550729994598,12.492908157438,5.49921208957737,94.4349639817997
"353.3452",28.8435185961389,3.8222727683605,1.29378367567804,13.8137901201146,5.4437351884029,1.8831822491676
"354.12985",19.0208805245694,71.191752554556,54.7737234051438,7.73062639727135,5.13617548157302,0
"354.20425",0.175891359571103,9.81399837478273,12.6260244330213,5.73434016972521,5.1070128712523,35.9060008458136
"355.1175",9.40107899962125,22.8630550586713,35.7748923304347,4.81162438233735,4.74904574927129,3.99895417474416
"355.18575",26.3625854937665,20.8565220533678,25.5822627920458,3.19695657637001,4.72229375794888,26.7248771695107
"355.278066666667",15.6650916473736,21.5429653989766,23.3393849065975,2.26198857133983,4.68610834160323,27.44821176291
"356.21465",1.97230417385179,13.5594364132596,0.205798479748326,0,4.31899523968306,11.5439119494383
"357.15625",5.2896944554198,4.2184588321501,10.9165061744486,1.36743511023296,3.94991575207582,13.3050348448846
"357.269666666667",4.65005682309473,12.7983361719345,19.8772565912465,0.00997145214869435,3.90545975672793,24.187512445957
"359.1006",10.2290785214384,11.6499379037453,19.8191194041216,0.0583128290060498,3.18778777657759,36.6345842733081
"361.15215",42.7373096964629,49.0580436482961,51.5862506333664,7.28468156528735,0,64.8552476864371
"361.2413",41.4249012482682,187.490310117243,235.984699191106,7.36961999803665,35.4619098042549,247.503079757893
"362.1463",10.2981931728901,20.6463161728592,31.7289672905379,1.48976922282016,71.0245875314644,32.9849568329235
"362.24175",9.51516603674408,27.6753975812849,42.2293026687342,0,72.0178649147173,42.3094062549623
"362.2834",24.4307200079502,13.6332030551689,4.27980320788835,1.90833090032866,85.9676980648873,292.70560708524
"363.132333333333",29.3499614620146,23.9569981321236,34.4449123737817,4.73543919735262,64.8940923186889,25.3082197427843
"363.230833333333",6.88478302756155,36.6486831427525,42.2229810908359,6.41642771645061,64.4501922283012,107.096977756166
"363.287166666667",1.93749658838468,19.2327507905474,0,6.49017566282419,36.8007526288742,139.113840341389
"364.278233333333",0,31.0813917258951,29.5643135955586,0.010571621375269,1.41392857846965,199.371120043968
"365.243625",17.6846702816411,64.4633176462238,68.753506681774,14.4527739126641,0,62.5654519192988
"366.249866666667",3.74371767333683,20.0986577271224,16.6570890388894,4.76519641607152,3.06871045557667,24.5981097054067
"367.126066666667",14.9313780113945,45.803096484634,58.1566813674795,5.51299052043462,3.23185984602656,34.1680507678083
"367.22778",18.4076731778711,22.160118202818,17.9298505992705,12.5604451798312,3.25079897902577,25.6766323544071
"369.148275",25.8158438520698,62.7002379186938,79.0070010369584,2.75631442897085,3.60839723126505,30.5824884515846
"369.300466666667",19.9312685031494,72.8079042599346,72.8381988245333,3.25166386253686,0,91.6649751805284
"370.1469",2.84576315964349,7.57298024395246,21.6970324709452,0.363824975532366,0,19.6773661861473
"370.305133333333",11.425011442258,31.3941982401651,32.4588227833174,2.22547686495515,0,11.9179066658856
"371.141933333333",14.6047505988181,19.4717421619913,25.6678388888905,3.34307665616719,0,15.7542987903541
"371.249066666667",7.74436917775341,11.2504674088819,24.0307775868826,3.66025407771173,0,16.7427654281736
"372.307866666667",10.4868236469816,73.1831764120093,71.9313076487288,2.11442872903396,34.281272854247,263.077019576014
"373.13735",7.81333802086021,11.6254551486563,10.658296795036,1.5200167188501,111.85491088755,0.284544838936298
"373.311233333333",3.65445657379467,24.084074430974,19.6424460290201,0.29574512030851,112.911840040537,117.670725807451
"374.305",0,29.3048495790556,14.0497317776725,10.1300891441302,118.952332485291,29.3436879689859
"375.2153",77.0305464118899,215.130158069963,212.911058564445,23.473661357858,175.3007949477,308.660527456735
"375.272925",76.738066925872,23.2596777972509,40.2226499563697,25.730825967545,157.877937682243,52.5954415993484
"376.2254",34.2899651783038,60.3290236107541,69.5500503941951,13.6367714671115,34.5523728863346,115.810079791243
"377.172766666667",114.500663120271,10.3902280024494,28.5613784545556,30.9124733511837,0,12.2975469373665
"377.2398",115.573985033888,293.385903429153,311.701769812206,40.1825847539028,217.598759945804,421.689248568384
"378.238466666667",0.862949943407376,125.348813320526,130.534940822158,29.6562706614828,71.9833903383217,176.142777404754
"379.1529",5.09196052828762,22.6036533113325,46.7412468739147,9.08346331340225,0.110983637304424,9.71503740030335
"379.232433333333",19.872465095235,69.6784765277469,72.5622125317913,8.80026436563783,2.63731534099383,98.356679211586
"380.2373",0.0571726203392679,14.8115641744652,8.57536214819109,0,0,29.61110879541
"381.130966666667",11.6395593314194,10.8102182591719,17.752659009378,8.36191608055399,0,21.2902808551108
"381.23125",14.7259318831924,21.2474989358678,13.1668495397193,9.25069158631817,0,60.6524373430573
"383.142033333333",15.043857277097,66.3503802459944,69.0030689292824,2.69245350085536,8.35194185308627,18.7858730622815
"383.314866666667",13.5882296385176,13.2399809786777,17.1819771581723,1.81056272940435,14.1364215300075,21.0154613211065
"384.15065",2.56199367494467,13.948041678053,22.8397155775186,0.326946021733058,15.1020202802684,0.41033891823556
"385.13945",7.49558481186078,37.2932869863401,45.7806501449939,0.778839470907366,16.2444025295656,8.10438509857986
"387.13875",6.78240595490625,15.8012045220545,2.4205021998953,1.9215807383166,18.5542375123929,12.6548492952226
"387.244766666667",5.62594043009236,18.4926698503464,20.7526082904297,2.51681371926947,18.6767208842881,36.8653842764163
"388.2976",6.70917629770676,34.848505307688,34.2933921329476,1.48671894623013,19.8930822429734,32.7836991417643
"389.1956",79.9481675039682,10.7360107460359,7.92315721941543,3.48845723499899,20.9305612679216,19.7526538768228
"389.263825",84.5206273906577,314.923936448557,390.042633325647,3.77870841171187,21.2207689278001,407.225928891448
"390.276333333333",0.0743100630063887,142.934605796637,177.345932432617,2.90454342783414,40.8717838995099,161.487323377381
"391.139866666667",56.4884392136297,12.0726080668156,20.7327701557676,6.63098708932929,20.7425905677598,12.2724378116274
"391.21285",44.8460544425092,57.8538683768828,78.4393843122703,11.6695297530142,6.56033211670988,61.691907460126
"391.2675",31.563075799636,64.4292914029603,91.4082684688086,11.4520821503836,13.8799718647597,81.5128762024964
"392.2194",9.67703626071215,19.9897167586014,20.5728472982759,4.80385789417363,16.5673462270741,5.13372819207021
"392.267366666667",3.01357903024305,13.9378139266207,19.367031303722,1.22406278690267,14.7986881895102,16.9488906895848
"393.1718",19.9078929834063,20.7272256771561,39.2264189366244,5.18124587343274,10.4233109227528,6.2569527779073
"393.224933333333",28.0959245046306,9.54925314491191,18.1796214631623,4.05121766626971,10.1662677884451,32.8471131834968
"393.277866666667",26.9946461134937,41.6349516735631,45.8271321267542,4.71224647947359,10.1817022520462,140.07026272325
"394.280466666667",1.75348519788929,21.8710814672295,16.0004432152627,0.0034668016376902,10.766496161645,65.5423745568604
"395.177025",3.96921933637742,12.6851351755167,19.3659183597915,12.4630504850457,0,12.0204972674163
"395.270166666667",7.1824685658764,26.1994114429679,15.7427290138848,10.8527903615038,0,39.6305544760012
"397.157966666667",22.0056239171604,52.2580038041368,49.5420580786564,8.67671309931374,0,14.4313613719412
"397.222733333333",23.1452550894677,33.1454166607589,40.2128876472508,8.3098715833702,0,72.8241903568617
"397.32348",23.581422953254,24.5361922567174,32.8000123301752,9.04998757237896,0,31.7693385483966
"398.19055",12.5085048145069,4.55352672876493,9.09693717353616,4.80812088075393,0,22.459911468201
"398.3106",4.56703341871971,6.1979522442329,20.2945696444162,2.13214545477238,0,43.3576169506457
"399.1708",11.4885816060284,26.6016412066735,25.9504306628657,1.13949351020237,0,27.7068068981234
"399.252166666667",10.0251165201322,15.4814666187619,17.2338667682795,1.12612391456635,0,13.8326162708131
"400.51785",4.6129549893297,19.6470904988369,0.5966512029581,2.25607198084038,0,18.3655315568881
"401.17725",14.7421523486067,1.92040366334872,18.8546289519784,0.970172194485839,0,18.7454408722939
"401.2354",14.453213662522,14.1139419777106,29.8069622841305,1.02311351505824,0,46.4295126439446
"403.0072",64.4847334071367,29.6706225396495,16.4952199839678,6.75004832799423,107.597663172537,30.0377187231217
"403.25282",112.86754314893,296.537934219656,304.327319092265,33.1712699868632,245.885458834602,428.952799002446
"403.32025",120.43325193181,19.6890871826693,27.1240936845334,26.0389316253514,181.299937561462,83.1879398046378
"404.254933333333",52.0415533325147,114.512298393405,111.065546438642,14.705429241721,34.9773644551987,180.122607946747
"405.006166666667",106.584421456916,47.0874171423985,29.865574346097,34.6629493307161,0,54.0641410540099
"405.1943",155.888345289192,9.39663352538765,16.3005338053155,46.2221679298774,0,18.1693799143391
"405.26606",154.667323484424,412.959713361601,436.92296509879,54.3972362525535,309.669372938899,601.059331231655
"405.38675",114.391410873687,7.76940496092922,11.6024946311308,44.6643782560162,166.873742170658,15.472744110471
"406.278275",51.4864889632824,185.715953366462,195.794646042422,14.7494153119716,36.1853345802901,286.105654805164
"407.002533333333",36.3210272030118,37.3159892958579,32.3811687842012,8.33763891632059,19.7155956236948,48.9393561552408
"407.1711",7.63311977513246,13.3425301503883,18.0101826156738,0.202891266739597,0.00598957152840579,15.8564431515298
"407.266333333333",25.6856674076368,99.5430772344327,107.768300997211,5.42251069305779,0.0148602853646732,146.902142387892
"408.267866666667",0,34.0583480741168,35.6855230892207,7.88160544380506,6.23317322624216,58.2166065557689
"409.08795",19.51558469944,0.203601689985542,13.6505279027555,6.14989954416413,0.0738337228001365,0.320371936097578
"409.15585",13.9111950211445,20.5219203997539,16.0282312649199,1.83878909848812,0.0731211140031485,5.42983213707569
"409.2137",9.51614779085254,10.3408934449781,0.800405335036798,2.32599898882603,0.0725139797040945,14.5158104375129
"411.345266666667",5.36367538326614,10.0305530318977,15.9241618116176,2.14430989877762,0.050143240999632,15.8462537847819
"414.268533333333",3.22138788613805,9.01452761286427,20.7786404989342,0.187505220702014,0.0194636306519501,15.80340879419
"415.032933333333",0.020187961324444,15.1128251784343,9.8436932312826,1.4116641834368,0.0114412718240039,20.1500173448261
"416.3366",0,6.05999470943326,17.7606796252317,10.2513708753679,28.0396691959445,14.8992348684099
"417.222",32.0961712556684,37.8453038258358,21.6748761189458,9.75325586861467,43.3284704053982,40.8360044687085
"417.30595",34.9542434377549,13.0141047027318,26.115043987742,0.136975096109877,69.4775700392566,13.2999595301271
"419.297583333333",39.3654409855304,95.605995600036,105.635441489997,13.8684825249557,81.6049291410277,131.531375290019
"420.251633333333",9.45772595671738,46.3471337622989,47.3286060755071,0.404177918234649,14.8107873970303,53.4162654847044
"421.154533333333",35.225935289543,63.2069754562926,76.5455566038947,6.96932933372726,0.000224431653476978,68.9657673948102
"421.2438",22.3369857709032,42.0664596327053,44.9850526694955,3.46156908393689,0.601252405284358,53.0153758782171
"422.13305",0.581271064873775,20.8886124802605,26.4251683155171,9.23606455855215,1.3472343144995,14.6823295435463
"423.153233333333",5.46487864045964,38.4520426148658,50.0025526661216,0.233594111023923,1.43251511502044,35.4685141490292
"425.140566666667",9.4741854986856,3.45333296982239,9.66851222008643,4.70429134932495,1.59864346865171,23.0894984318229
"425.25735",10.1245166451593,0.349094942536785,14.3917885367801,4.29496958830468,1.6084058082516,40.5461641194022
"425.361633333333",5.48087637303268,15.8424165638182,18.7630007185304,3.60473439218451,1.61712322781439,19.31238772634
"426.8752",5.3552816853668,8.52779619369118,8.87956902914294,2.01372296257916,1.74364771881296,12.0845615591067
"427.0834",4.45439682070354,19.7512116889156,32.3007659931043,1.52487346092539,1.76105190695084,2.18868510263606
"427.175666666667",5.35416951258479,19.5228953978994,17.2320627049461,0.494900048090509,1.76876481005136,15.3771024995799
"428.877266666667",7.59508592241311,27.6871942248615,19.2425238106805,2.79049763151044,1.91100768486127,34.4270213689832
"429.13795",6.03503170910155,10.1113537790629,7.50938371264075,1.76602376419721,1.93279914392821,15.5412930667103
"430.869233333333",0.000116885562211635,22.9645265620393,19.2795066275477,1.76511810767788,2.07752335551951,28.5873271131075
"431.1904",11.280227465668,29.3332891149979,52.6232090707035,3.26571163468247,2.10437083433935,26.9994219118883
"431.282866666667",14.0418847898632,33.0283397314354,27.994116940724,3.27527196064184,3.50186934001958,46.0622827640908
"432.19845",4.10497891000599,0.945186117867637,22.7612425946641,0.805337560983862,7.56246457391751,15.4367276721652
"432.2867",7.8520802251774,3.69871426421819,8.66660726318809,1.25416004129233,7.72861296518963,13.8528362529803
"432.8678",9.30714832600175,9.41380548196135,8.88330313168494,6.42994384002983,8.82265070080674,5.45582750155361
"433.224975",27.1006704260959,24.4011448735474,33.6410551294775,8.60094605031067,13.3917132990923,20.7592633090506
"433.300225",32.7406925400228,58.7176620496006,51.2143619332918,8.32334419456665,13.4485372506965,79.3036141530503
"434.298533333333",10.7489016450886,26.5345979379724,32.5004545037817,0,13.2098491913315,47.367238106178
"434.9695",12.190456990681,2.73649435804244,22.8182936096861,1.71010005286581,12.9016492091367,34.0534941477314
"435.1888",18.970992094294,22.5287926062698,21.9613415264194,0.533321166612236,12.800916550641,31.3736517091784
"435.243075",21.0060111045814,13.4245829183313,13.6572879808908,1.97026375052242,5.37831780688288,28.6818748032041
"436.20395",4.02849116703693,10.3639414014046,9.00197898278214,6.75529563144356,0.557583513227403,5.25889873916879
"436.970333333333",7.81642374296845,8.62166376781858,0.0543304726525561,7.13682296436745,0.151826772517407,13.9418317931885
"437.185833333333",7.71211836563925,19.9850288941251,19.1816330184772,6.59225175666903,0.037731679605171,12.3435798201316
"438.965033333333",5.25593109042917,31.7686497792752,25.7078771388105,2.8424311477676,0.149868565337619,32.0713530773871
"440.962533333333",7.24944672586792,23.9184876637347,26.3226520838892,3.81634300463355,5.09667985869652,38.9954904533648
"441.10415",6.527818849062,17.533123141092,17.7412033053492,1.89811955502511,5.17924594575008,0.00809395461645526
"441.251766666667",2.69518169911226,12.8448712936327,22.0204256289166,4.64820660856401,5.26531018407339,36.0000582397704
"443.161566666667",5.70281908849309,13.3071498167602,8.16776748155044,2.44599166197768,6.37877173324027,53.4929038459286
"445.144",4.85904668317916,11.6439939295283,13.2519951143979,1.64664988207259,21.4838412084436,0
"445.2221",4.19695983514015,17.2364449844472,34.0685201663758,1.54755441638221,21.5940960073196,8.85882655951465
"447.133933333333",14.5850779891492,13.827580098192,24.5715205021941,2.49372599001067,24.2930563101505,50.014910217052
"447.274433333333",14.800829537662,12.0375907815638,12.8231234563038,1.77655395741524,24.4914020110733,14.9773981515864
"449.17252",21.9727539680073,42.493475352201,47.3496660552376,6.60399197170893,41.8311329175709,186.709934442686
"449.26375",21.1774770334083,7.62945806044456,1.45263371652643,7.8174184382331,40.0347567916461,5.49022113886505
"450.170833333333",0.27884201703978,7.30157335169651,8.86523849148334,0.414162376454789,39.1449308960012,89.5232167831513
"451.17375",3.27011494784349,13.2423523620966,2.02289986838223,2.61150379289836,38.1610949149176,92.6270084047872
"453.19885",0.840003573905388,2.65087768694597,4.63053508161029,7.40939441495,25.8334883217128,79.5229477585069
"455.169566666667",2.91834248009803,10.0814170356784,8.36138614841701,0.00165241242433045,11.4554658560918,31.4558562343646
"459.199466666667",5.16105344176267,14.3889826323335,34.0899141149089,2.47064814028456,18.0474630314721,154.962439771709
"460.3528",7.68391321175469,13.3507441486076,7.99451022211865,0.165751449853498,19.9340532882038,77.6999131225759
"461.210833333333",13.6516177934703,16.7553219105554,17.352098444678,0.903999359088733,21.3376001031902,23.6894245610478
"461.27665",14.2439002310706,14.6459631579358,23.3505345995891,1.5426399007544,21.4452611570034,22.9488028420185
"463.225433333333",18.6339729888015,32.5195751523906,26.3917833058786,2.86124744508597,24.6330261707157,18.1094151060192
"464.12274",20.1694603944845,28.5233240274491,20.2352290138312,6.98669447146597,26.100815200746,36.2810438474007
"464.241433333333",11.4323274155059,17.0994740953323,9.31486459073055,6.00947547360082,26.2949704199989,17.5178771851967
"464.8491",2.24708621595219,15.3470119432808,24.1083227770033,4.97470343050835,27.2889744772315,17.0130357940146
"465.166",6.99838837949813,6.7138504566323,2.23432259876366,2.40379604616531,27.8073505919932,52.4876570167162
"465.22095",7.28948035723486,18.8977535191577,23.3973415024525,2.74419077227012,27.8972362578378,15.2518002104859
"465.3088",5.98337723272702,33.5959592871618,48.5900595485708,3.39223607243353,62.1043895977659,15.6872283299625
"466.260666666667",0.128470043379262,15.2776501313675,14.9061715352173,1.11109145719426,65.8173212364661,27.1880492665731
"466.845633333333",5.29280839714467,15.0298842657162,27.1009825936976,0.000980086525696422,66.6394657038112,15.1259224796691
"467.1735",4.77079931170363,6.74266563730681,3.24793412783283,0,67.1002676287541,22.583853912216
"469.2458",3.078049379841,1.13891276129651,12.477077934948,4.18578916542898,70.0127925242146,11.2866607290689
"472.5151",7.70623405533773,7.08571441550107,8.19202408436388,3.35270223824452,74.6076473428843,8.08092112628534
"473.18525",31.1852218084548,0.0786324443798288,10.3733769866342,13.3372373004192,75.5495131724905,16.0447377574092
"473.28076",39.0341353145648,151.910918368722,153.148938521978,15.2137882749781,127.21337865136,214.487717203837
"474.283533333333",24.5917408702589,80.7361210735152,86.115497676054,13.3284929509806,77.0979025851432,113.970424611443
"475.287933333333",5.73178004282537,25.7942023705326,26.512618662232,0.906117411030167,11.1178463456204,41.6166511480964
"476.303333333333",8.85427166556225,16.4441828371342,22.3166471518232,2.88480402106582,9.99826933851659,24.2864516489373
"479.370433333333",0.772760582676233,7.34146570150837,8.28959584276106,0.236578999134066,6.61649403963124,25.3625228945378
"481.17825",0,2.84792119916741,6.88510857711473,1.86023551387058,4.62320078272805,22.9910473153663
"483.198033333333",5.29546023413918,5.41423557989023,5.28356356967307,2.6072150100493,2.39619371228173,9.75928583078287
"485.0733",8.75802466272706,3.36056498136973,4.76902189834388,5.72013931917452,0.166529479606631,0
"485.28275",9.08202028567788,23.4163651725422,20.6182995947784,4.11779638320404,0.186312588621212,38.7445595105162
"489.020075",1.51441016653638,15.6326750230344,23.0424881527134,3.35052201044068,0.539312865049576,25.3439529799987
"491.24755",3.10932450604286,7.53568789073232,3.73464356373277,0,0.3406104718057,12.5688132389106
"493.2526",1.75765346232096,9.95567340935611,0.995360779471546,3.07998282218237,0.113715996318063,12.8690984708857
"494.845575",1.08661028792572,6.8070068704287,6.95584761228381,5.28751525964567,0,49.2549048381065
"497.2725",4.29225246844365,17.2303477784566,5.40224548000863,1.64548489949491,0,20.2620381224748
"499.01564",4.98753805428569,8.72102900260144,9.29988815071649,7.62128896282759,0,19.3218755832896
"500.9624",8.30668616194912,4.77341533755599,14.2276225489008,0.445528845452858,0.263416465392764,17.1830640314081
"501.1318",9.39312206026246,32.55641866662,44.0073158564321,0.6530429924743,0.288865734947647,39.1101204804097
"501.1973",9.82455447699165,6.90968458197806,6.22299890243277,1.45303844063871,0.298705918866446,4.45207042327491
"502.1972",3.67582302378887,8.02688048154859,16.8438822386276,4.64450608440302,0.448922711239112,32.4715347328919
"503.2403",1.21574263328695,6.02347829574716,3.75954508512763,3.52441965010513,0.605629518043712,7.30216540247019
"505.087866666667",1.58898027248057,8.51061271105287,4.56373840176008,3.49497416944939,0.883192812734554,10.2171956370032
"513.2589",0,0.423799152759175,7.28276945419012,2.45527086097666,2.1107419853552,0.081326814712189
"515.2534",0.856779516974972,0,9.83609667354734,1.72609509101271,2.41037934147808,8.33371659196824
"516.3245",0,4.03649151332472,0.174869121803975,3.30278428364107,2.57129263911819,12.6126402931683
"517.4272",1.87252137625483,9.74949199197646,8.05414131402691,2.48222642004499,2.73695326212983,10.8766793095768
"519.25045",0.986153497816657,13.2056464564244,13.3425642361139,0.705871678363983,3.01086341983906,1.73484227832101
"521.1868",1.29212619975011,21.3344062852066,8.28342564785567,0,3.30176479588746,11.7206512530986
"521.324633333333",1.38493265221564,13.7961931535044,20.8779485817477,0,3.32247174779798,10.9463019738757
"524.7766",0,0.304455898070227,6.58688675156708,0.683885182825357,3.841066967364,15.4947225220258
"527.268725",0.522853932141815,5.2599191136534,4.53427790134828,3.070916582972,4.21546343070205,35.572424675845
"529.26285",6.99775254505408,6.88116562481701,3.5722315878444,0.0726482848588967,4.51504444989409,11.2048084387635
"531.2406",1.64289947575424,5.65170194727627,8.14524122329375,3.65220561845257,4.81216542310645,4.52809251602932
"533.43404",19.6614523615178,69.1815005418153,70.4441776362266,3.96813013308937,14.1263744319351,87.729012058371
"534.4232",12.0757300183908,37.662418219271,38.0563268322514,0.917049197343875,14.2936652960391,48.4934226304572
"535.4374",3.27509433749939,43.6682268875269,54.0993368333779,1.47400942339903,14.4651910293625,54.3086812692799
"536.4404",4.73002483586147,23.453722527713,26.0874371982184,1.60747204366667,14.6348225719807,24.3262659149502
"545.4575",3.55760167471029,9.40053448836892,6.31768806574724,0.783566445032645,16.1598321262608,9.11992700751177
"549.4166",8.62017177789204,22.7747598961273,24.8613762534824,0.660744489751,16.829411628135,38.0888687866427
"550.418833333333",6.60520962655766,5.12261385376329,7.58237439119333,1.72011139940731,16.9989135088895,9.19694244872913
"551.793766666667",1.11366540158082,13.039022780538,6.85031798167815,3.67662102295868,17.2314479678433,13.7315986673677
"553.24275",0.877763425405533,1.39207822006333,4.6632007934376,0,17.4765060715934,21.671640563549
"555.2538",0.567677646507991,2.4968115949271,3.77418143350497,13.5675091687833,17.8166232338889,89.8209517220625
"556.600566666667",0,4.69965995105207,0.429347155693822,14.4167769307616,21.693754522037,42.1280544737146
"559.4562",0.915059415366409,4.80203841332057,0.0596025452192653,4.62234467535454,21.3667913868221,6.80547436962447
"561.45325",28.1039640807363,93.8178836194974,93.2405538699541,9.45936834235559,20.0160361288963,123.253356586408
"562.487775",38.7259055416129,54.6764211165348,55.421673312783,7.49332783099752,10.7720977413612,70.9506251626441
"563.4658",33.3494925669745,58.644381711737,70.2160415240956,4.78560677747788,10.6474848016749,72.6777328771198
"564.4709",5.87251365793083,36.1173319701349,37.6387247873615,0.508284814708269,10.5194221594329,43.4316551416084
"565.43975",0,4.86776395325068,6.84263208264971,0.246366380968878,10.395978232524,4.49252452574128
"569.3916",8.90735992288036,31.3662487580196,20.84525416991,0.00623481971809438,9.89246181351689,30.6655383055159
"570.345566666667",13.0660000446511,7.92161550392517,4.61402446904316,1.44943256615682,9.7709142143286,0.714085870664014
"571.43185",5.44514018766086,33.1950195330376,23.0400375818468,2.05714018413852,9.63250777328783,29.5496417265586
"572.437",0.303498018006055,9.4783289026152,3.85442704640471,1.5725849340834,9.50443876040401,39.5599171775769
"575.4322",2.16682831905982,7.83187486715494,5.63789136241271,0.00969710939378413,9.12281183169721,10.7666345872907
"577.408475",8.71620138610059,38.547358153598,30.1745336890809,1.95670361973926,8.8710090277008,51.4252335175763
"578.308933333333",10.9898093448096,15.7470087477918,0.00169538967042938,1.83095404020756,8.75627907705365,19.8528973033376
"579.449",2.61655995284597,4.32495395255572,4.60707929418077,1.14180108317792,8.61101994894164,8.56463929539657
"581.26575",0.0144650182544812,6.91008566496223,2.27646255684725,0.237192081871662,8.37954267773167,9.64899878615868
"589.492266666667",0.19240291785112,4.459141014417,4.09932733441944,0.543244523746188,7.33137885245941,9.74834033968813
"591.4832",1.3366605320959,8.10526635780989,7.41209412809197,0.395642251888151,7.07770838863066,3.38992438604757
"593.442566666667",1.86602850405278,15.1178908778143,17.97560787534,0.208013885942688,6.82805992334935,18.3290057824569
"597.25805",4.5174621902909,23.3515391196865,3.03462207277638,2.09861632711136,6.34191836818378,14.4793341376316
"597.423566666667",11.2434807117434,48.5322070948755,21.9366835415623,2.6033045560172,6.24177880163909,58.3576294225108
"598.4792",16.6649525370908,23.5291820977171,3.72927732732702,4.05161026430313,3.64419242963505,31.616026415611
"599.442033333333",10.9389828621518,51.0377264440868,35.4485698512859,3.95182604001122,3.57825109161425,38.4060065005755
"600.47725",2.24434309570411,20.3903282938621,7.55219815814701,1.13429734087228,3.50735245341988,54.0841083217697
"601.467",0.916413536150463,10.9252163865963,5.1258595523463,1.36811939544414,0.272952290620305,32.9323560774998
"603.442566666667",1.03733656779016,4.31204250994538,6.73501331736213,0,0.253034974297089,6.80783260315824
"607.453133333333",1.15926633176658,9.12690505276636,8.23686588198274,0,0.212601145217505,10.5331096337041
"613.4228",1.88205168576157,8.24275156101284,1.03191242837818,0.463859879402262,0.152416013857312,7.73411822512399
"615.383025",4.63229573217711,11.4661850480998,4.30937074995167,1.25860933968551,0.132653369524207,16.1789668970107
"618.621833333333",1.5717868654053,4.71811493658,5.02209734113573,1.14517344416168,0.100000272479349,6.37353335923599
"621.42015",0.742586906780241,5.88493501708829,6.70851420829228,0.946324855417731,0.0717881350896407,0
"628.09475",0.760558436747021,0,0.490273975497412,3.79957585072756,0.00449598961361525,68.89070225599
"631.4799",1.0077661011745,5.66068725609927,8.05289412570638,0.0659122173598106,0,10.1681182968363
"645.9878",0.51776354059311,1.85666928040353,11.8631098315339,3.93285199235183,0,14.3348280833575
"653.2976",8.06905418731262,25.6048209074335,33.7215825040043,3.55179011942124,3.17455941356058,66.6863452869253
"654.295033333333",8.19112732273072,4.39013977256728,8.11091795540092,6.07631940282901,3.387465426245,32.9828028761729
"655.4287",0.220001733357619,0.574673918963908,1.69291197514841,10.2492868377004,3.62945097219301,62.2398601706448
"659.4947",3.27576963617451,0.463669740597094,52.8629665076399,0.000978450882919479,4.49735443866542,19.0699355870133
"668.324666666667",6.23224343855328,24.9134357114494,23.9296984250083,1.99429199703631,6.38214506307181,31.8295111038247
"671.264766666667",22.9435635807358,123.082258311613,119.178957498914,3.72987540869777,10.6836872443038,135.945365044134
"671.5568",28.2735357035025,0.435854519467863,26.8324040163319,4.68807589781509,16.9243912077168,3.71654654232015
"672.2712",25.9706746696696,19.71686417168,64.8208794508639,3.76251195551595,17.0301979527947,77.6608283715582
"673.248833333333",24.0989329205884,28.4167575229647,59.749486346461,1.86017417610163,17.174991067128,67.5824975237344
"674.266233333333",0.905697446164737,35.8671586139331,33.8463136187258,0.461127301308705,17.3256738533015,39.1375917548824
"681.349575",28.5792743366106,111.055498227074,147.560893694402,7.3407593590535,18.3747574563603,153.322237298273
"682.298133333333",26.5893398188024,65.2870960963934,87.3405816911653,8.66603152917674,18.5152443961231,90.9223544146368
"683.302333333333",14.4550861817126,27.8691890562728,37.003608885824,9.46096047564277,18.6639721864468,40.4689327314093
"685.02195",6.40608951386698,0.00171645430189424,44.3075693660211,9.76222960375764,18.9186572960239,0.00753936467230978
"686.48115",3.90844287182729,59.86156594063,18.7416481744035,7.85690843715729,19.134773200864,0.198908744740047
"687.49805",5.86572015959196,37.518639679759,0,6.32019814963629,19.2853819341644,6.94895794468035
"688.684975",24.7569496256294,122.339483298615,57.8951233788473,2.94390526945102,19.4611723469607,8.39053271778112
"689.4475",23.477111891697,62.3771325886154,32.1605903240037,0.578765152245173,19.5741066810741,16.3564253688474
"693.488425",32.6320151737348,108.509666292097,83.5117052864237,11.1696282917064,22.8079732413175,96.8951561338461
"694.6223",46.6219486021679,68.656449699066,50.6105312248481,12.5280482205698,0,59.4821983763092
"695.486533333333",34.9584385111905,60.1376079678872,35.796859549724,11.9421535713486,2.66119863849463,61.5058581380457
"696.4876",5.67681923731144,36.9293960055117,17.3396560398569,8.09342175679737,13.5665696882218,41.2899112159502
"700.4914",4.87187771749963,98.0936670367216,39.2617878891378,0.0494942894010851,15.0056058103989,0.436179405228328
"701.49745",11.28889115895,61.1035495468235,20.6204629844547,0.0414261510800248,15.3671978706207,0
"702.405933333333",16.5840013037155,117.112654972791,119.734989599887,0,15.6937227552458,0
"703.5209",9.6173052687249,73.4761969021436,25.3369110743965,0,16.094461380641,10.8060125016432
"713.182333333333",2.31308241912207,8.99411672710492,17.3269796648736,2.33069356739023,19.5669504057351,10.3620441349165
"714.5055",7.43001812324668,72.798896458845,53.4578216372355,1.86402283148875,20.0425197720857,0.995769499729556
"715.5094",6.81323462771961,45.5716107462684,31.5468196965134,1.43322104108389,20.4033390845023,1.41637026694802
"716.5154",2.77760954239943,12.8824895177129,8.15258658813964,0.699380772126655,20.7649131738449,0
"717.4691",4.59875927598584,31.3279364017564,31.0218725638776,0.0626810715325738,21.1076897235528,0.0744553646130793
"719.48785",0.0311798307146588,112.187584408903,76.4542156624417,3.2252235413605,21.833263970929,0.201968039515379
"720.48765",51.4657544497025,70.6280750329545,41.1406605340046,5.81784685925772,22.1926096712519,0
"720.91915",64.9422531282582,1.67503157206869,9.76732154528378,11.0964249160526,22.3476983586786,13.3176578406938
"721.57892",95.6765995100728,258.965736733216,191.531713300079,20.0545488078072,64.0186669069998,294.59293153395
"722.612975",83.040132474508,166.009157836421,122.500605624614,23.6883009770907,2.21262718890372,190.606597138099
"723.516833333333",62.4026161376813,144.926966107704,107.317947787317,20.6676378839231,10.6846220840104,166.97060101815
"724.5226",7.9158425545855,94.2274815027359,68.9183429247021,0.00973924380400215,0,108.050045613747
"725.5231",0,39.9082806492582,22.2884333948032,0.0610787576733656,6.653687935451,44.244390227657
"728.5245",0.766952449394367,43.1226362281352,85.5622160083448,0,7.34544951115454,2.06470881638322
"729.52835",0.00880335931227982,24.7960258570776,55.3514490594034,0,7.57681649248659,0.118227169181844
"731.5249",2.51125717262429,35.9814835061154,38.1907599073677,0.756174677563337,8.03698060722334,27.099415322551
"732.50735",3.60877851914766,22.5122643340971,10.1566284374748,0.685644874583084,8.26341532437197,3.88768495283571
"733.5245",5.0066259843053,45.0636862463348,77.524516729865,1.01506173957706,8.49784768484604,9.34302673935369
"734.50725",5.00178021427135,28.297744228536,48.4597690484895,1.37322353811585,8.72435154588511,0.062151705695242
"735.5084",0,9.96005340837806,16.3916481054349,2.2613227345527,8.95509623220337,2.40233266082518
"742.53965",2.27195444006938,23.1495073546947,37.589054758443,0.275252579846731,10.575656163957,0.252373806804343
"743.54575",4.26634651958558,8.95287863598642,14.5930691790043,0,10.8075417244672,0.781696682736196
"744.48105",11.160757297197,9.99552679067966,31.5458403968792,0,11.023109326838,0.759594873538014
"745.4502",13.7396491706041,54.677198594326,67.2280626415121,0.1846899342226,11.2464786648446,21.0838756005332
"746.440566666667",13.9727891575627,42.516139500542,41.5988112538618,5.22625861346278,11.474738012435,1.86178151594483
"747.4827",2.78220842489002,18.1137512102842,10.6009192695906,10.9847409841541,11.7149285224502,0.602463520718244
"749.555925",37.1623317201995,272.078857882021,200.638498182867,15.2299075955908,79.6727886308239,308.887183922369
"750.53112",73.70171321102,182.779011497322,135.047970383755,20.7955180771885,74.7005461299304,207.908874864424
"751.5458",1.04388333333755,159.228954317596,46.6306900267142,12.0654852800337,8.08100002558569,179.604516484834
"752.5533",19.7682349389623,104.127116857426,4.10524870342256,2.72165772895099,0,119.492081822701
"753.5474",0,40.3096722221452,28.2022178199792,2.24876090942015,0,45.2988220552873
"757.816333333333",3.24087052439667,29.1495852150738,0,3.07764197680423,0,23.4700567827006
"759.571366666667",9.18587181800077,20.6224456390863,42.5816765387021,1.79908588482795,0,19.96646400194
"760.48015",9.35280796320916,31.1707430061641,27.95363802983,1.46444620862485,0,16.7215560369893
"761.4754",3.09557446847119,17.2698951495613,12.0630022613446,1.36955098452075,0,0.00369825417685174
"773.708966666667",0.100164881481423,15.7171386288357,0,4.35829141161036,0,29.7297696556226
"777.566933333333",8.68072823428542,14.2509830331701,6.39260891244926,0.00631335233678471,1.08430350053664,23.0526685052781
"779.0376",12.757381905449,7.24463998729537,0.690771107786346,1.08954915623224,1.2077072136276,2.96139898864277
"781.5201",10.77366138751,12.9705328314506,2.37911828492513,1.61576488832965,1.41601391200583,13.2010101455629
"789.209233333333",6.80637280516846,24.6819332226527,32.9964147445239,1.60619655579384,2.06120947214947,24.345242040649
"790.09915",6.82362114611249,14.5156120556037,18.8196375612042,2.38171919341291,2.13588242387763,12.1974782776228
"819.42685",0.034153015831199,1.15573903132864,0,6.17353213255199,11.4863564803324,42.5561324141547
"820.9007",4.52772994689966,3.64906882273482,12.3500101049602,5.41776251550832,0,17.2924292725407
"822.40695",7.21700861225237,2.41443595025511,1.86151908761305,5.3015757293907,0,12.3300593715938
"838.6205",2.68030439645022,0.184767669051389,0.0328450679768629,0.109466827293655,0,6.25539571193118
"854.9348",1.26557520039296,3.09672193100852,5.51983308973781,0.206482014340086,0,21.5321976847886
"872.924",1.35330218411601,5.41585107362691,5.37762731152725,0.591284357114627,0,8.29453287386276
"887.00405",4.08620528239943,11.3241885743785,34.5041363264881,0.0516346552922934,0,10.9520088035519
"911.88925",1.29362033107662,1.87349896498622,0.0445070382397787,0.0293767470113198,0,6.08376295683028
"920.8401",1.12189248076337,6.28655441798074,16.1807258527981,0.296087013847174,0,19.3894522927393
"952.725675",1.96431515867979,8.72380688603819,11.6193711319357,1.71875099702034,0,48.6513035249396
"954.43045",2.72524145223666,5.75105180751963,0,1.65290768175941,0,16.3900643530705
"955.061466666667",2.65490241091512,10.1554128472683,5.12181744936177,1.6591571984255,0,10.8305188113331
"986.84545",3.51644329537669,13.9853446264786,38.8375853811183,0.0531358343824065,0,1.62019405724568
"987.6742",3.63946542994257,0.423064075817994,3.81201643494758,0.0467566290262228,0,0.00341707727524301
"1019.58965",0.785282325396159,0.422268907622348,0.767647665682291,0.525240442373987,0,0.194264700733007
"1039.08545",0.727610276513976,0.0347534287034251,0.0885853053398874,1.70759644453469,0,0.149277111386544
"1052.8313",0.987006831974308,3.93272466784058,24.0930729879958,0.479887894898288,0,2.17556185777013
"1055.96115",1.28543388311434,19.3823886870375,44.3682706251018,1.55781833799,0,0.594535528082183
"1056.97295",1.59997603288016,3.10065928071653,8.9846509059368,1.95540114106982,0,2.68980157944323
"1057.81402",1.62913292559587,15.5464147917511,21.7497395895902,2.03287488162858,0,7.04985807676683
"1065.9935",0.258881449295151,5.69332440001509,30.6660482397387,0.247274988071161,0,0.000124803910218352
"1067.34215",0.551213559635441,0,6.8127298997868,0.200817902774669,0,0.00083801066240435
"1080.1496",0.60097073368703,0.0336693780200205,0,1.24305400149566,0,0.987487312508335
"1098.28925",0.361419004243549,1.88851803645615,1.36601338737092,0.0257827031523159,0,5.1452479857524
"1109.3848",0.0740285687013315,1.6656371616115,0.233578956829275,1.1938842794291,0,0.165926225201005
"1129.04435",0.209894139249243,1.52142625074686,0.60366019554731,0.611533065779978,0,0.184046872821533
"1155.9478",0.247135355259907,12.5320125909071,30.476154183592,0.327527352150918,0,2.36529823855956
"1157.9718",0.230040767910038,2.10409888268749,5.36556824058714,0.176228547581398,0,0.624626973771185
"1166.6279",0.134785601088995,0.34123126443903,16.509866446718,0.994023772036694,0,1.26516791788917
"1176.6226",0.163777666360099,0.0381688594823086,1.60465004434108,0.143903574665731,0,13.5153208242004
"1191.15525",0.583407891582647,2.48069400508422,0.223354322952565,0.503980646727753,0,1.67411721631048
"1193.57566666667",0.522718442685357,1.22534038430159,0.915424497364124,0.686682448997313,0,1.10323850504737
"1198.1544",0.714529994423351,1.39372132239917,1.30518364511181,0.240800993275341,0,0.998489505654016
"1206.8617",0.318277841064664,0.989255896576939,0.967789325322764,0.0947822880586695,0,1.14056762557017
"1209.82945",0.253337663373044,0,1.42102567880718,0.133791215431128,0,1.19915299656959
"1211.643",0.417010982188095,2.16017154387542,0.0755908945588442,0.102871588139582,0,6.82860890872394
"1228.0751",0,0.759009526138676,1.83131992063544,0.323102333022132,0,0.0226356389767481
"1238.7599",2.8175650662061,1.59588827225614,0,2.06862620720877,0,0.866476196345832
"1240.60236666667",3.38532241385042,1.73093617179388,0,2.3926682525646,0,0
"1241.53443333333",3.26664548986744,16.5589723835941,16.5486700603263,2.37830057788611,0,18.8094431324289
"1244.28745",2.69738920162523,1.28576052343449,1.75533394928456,2.2247413812306,0,0.00240497779249019
"1252.60305",0.769780653793426,0.58206204692791,1.17998273695443,0.0750937812470132,0,0.860293286707946
"1255.9866",0.94729865995587,1.54190862984971,0.90958723836388,0.284678255090003,0,1.94504024574462
"1266.4825",0.755558940157679,1.13882971732789,0.894888189359544,1.09447238510443,0,0.0383533749252959
"1271.48013333333",2.75365182631594,4.45098111927233,6.03053097558695,1.56333466659265,0,10.0569608201818
"1272.32173333333",2.85280430040213,0.849057009698681,3.97092256554931,1.56591222873013,0,0.171478893504963
"1278.13985",0.138382826675061,1.15077598841414,0.290573867113541,1.17350134892679,0,1.04208394798608
"1285.4917",1.35635573801263,0.622434940121348,1.05081921420532,0.406835659565432,0,1.62512178751776
"1288.3973",1.08185633564813,1.11110690544956,1.93354704342833,0.238167429211254,0,0.786730664431016
"1297.062175",2.7596032096008,0.862947861407509,1.08467396684794,0.261970579896962,0,0.807161103436182
"1300.2317",1.3661054925505,1.3294497064813,0.537694908799957,0.292442468514643,0,0.792199437957574
"1303.3374",0.542134848671422,0.549588148073663,0.812118586754288,0.0214564370453149,0,1.2696995592466
"1310.1888",0.241652428229552,0.630433073561369,0,0.238370520258482,0,1.36519257337571
"1325.2678",0.570923367464185,1.29775343352455,2.29045100126816,0.250575423284134,0,0.688249379795797
"1327.59405",0.796603028570078,0.917561431108616,0.231114674838754,0.345249702941726,0,0.900076051823969
"1330.0195",1.16908983886449,0.0363782369417413,0,0.191617058788505,0,0.958641766071763
"1333.31696666667",0.70493034056395,0.935161044470871,2.36938919473354,0.114425652898205,0,4.29615997709066
"1341.2578",0.191118134488975,0.560379578303669,0.0356562065437466,0.181679303531425,0,1.48853992653373
"1346.6179",0.43984436316903,0.2006008228726,1.13520893828987,0.169412881315212,0,1.32187662931196
"1354.2126",0.0378648710071095,0.924248821263908,1.00827684738591,0.277109097303453,0,1.16640106956045
"1356.99005",0.152793386594944,1.00954282227504,1.2153828851734,0.658203793511923,0,0.516018971219956
"1359.4775",0.255923576588962,0,1.42666548154981,0.893524993335624,0,1.64948993796741
"1364.7889",0.272814550241028,0.0841112674054479,0.0326884532017189,1.33257948863973,0,0.905943208478265
"1369.06155",0.010003540296217,0,0.990121400617381,0.819349245621652,0,1.35587855722894
"1372.74215",1.95511466800039,0.597744170874362,0,0,0,1.0807691785633
"1375.34045",4.21790450355892,0,0.58259047416546,0.0661520839422409,0,1.15255440684154
"1378.0699",4.58648508068308,0.92940006498924,0.744295879468519,0.111790759371531,0,0.364565692287442
"1381.75555",6.22426970354728,0.615125744302303,0.0300855867893802,0.45094044722621,0,0.162310211108408
"1384.78065",3.59613604282101,0.715810766865114,0.709429379819606,0.529772081249222,0,0.245713998351469
"1388.1097",0.153707116610244,1.0243376271835,0.615580872556195,0.610349898295224,0,0.410689043241926
"1390.39415",0.0388171906995805,0.904796185457029,0.774367581506161,0.512951976459533,0,0
"1392.86546666667",0.159812898364073,0.640743829574313,0.747532729320366,0.531198018921066,0,1.44448236485073
"1395.707",0.459106145399454,0.867676325571393,0.445407740127049,0.480198539676402,0,0.707636620333785
"1396.9398",0.65073248933139,0.0621065185351172,0.85557540435464,0.250949771984499,0,0.663818896250709
"1398.59795",0.661254442519926,0,0.564724946799229,0.339702102742697,0,0.883502114210484
"1401.54726666667",0.87620020182082,0.720524062154612,0.816818054580593,0.356241183625985,0,0.289613484053409
"1405.5387",0.67307445803384,2.09280480087292,0.635192199112567,0,0,2.05313658685251
"1408.06945",0.150925548639655,1.58323928861994,0.946504265041552,0.34707148174121,0,0.049816623390072
"1413.01943333333",0.00797159785231449,2.01354641483705,1.00679400641688,0.618237243666645,0,0.742127705817636
"1417.2353",0.12162459392938,0.730638811327762,0.050323337865564,0.648032950261424,0,0.867507414956021
"1420.49283333333",0.486239188554999,0.757916660225582,1.28654916646482,0.451525510831946,0,1.23902909431894
"1423.68683333333",0.697413117289971,0.692753865956728,2.06961446600603,0.520819632561658,0,2.14521151726191
"1430.61836666667",0.323190439943035,1.12451651351261,1.35292134136397,0.409176310199056,0,0.839469803329354
"1435.26303333333",0.00164248284134597,0.962199122700985,1.96437869355613,0.0351940705966153,0,0.880144486965156
"1440.55626666667",0.0263352318882098,1.39076151112272,1.21743361261303,0.0576032716433832,0,0.680930424627173
"1451.66326666667",0.381636575986742,0.861448882354511,1.43198713779568,0.119219090081875,0,1.02914442264852
"1458.5477",0.183242340940883,0.0216846134691535,0.54669624635678,0.381784796048963,0,0.764374825185119
"1462.9905",0.604433714040699,0.741307372366192,1.47767880223115,0.526405558825782,0,1.23615913735151
"1466.8377",0.738107695530615,2.26923468878153,4.77211563507293,0.682543200423162,0,4.26010749099092
"1476.0198",4.79191562398512,1.33568320161225,0.692406144011716,1.93612699080659,0,0.920901723579299
"1477.5097",4.90925443464736,23.8958761480495,25.9415950914607,2.1675088310819,0,26.4783122382001
"1481.2927",4.13362863609306,1.99029866189073,0.893816923446997,0.39045679630836,0,0.905731224268575
"1485.98836666667",0.266790307384576,0.799047894977249,0.713759171203223,0.0705379404019047,0,0.994575188808485
"1493.8413",0.75572156993464,0.760599403902481,0.439388719648818,0.709372744834696,0,0.0264404994925197
"1496.4739",0.623594409708034,0.00741875510122868,0.665264499260309,0.755679879337482,0,0.959772224774754
"1499.83525",0.0572837976537874,2.1420059258257,0.488190696438733,0,0,0
