"","ColTer331_1","ColTer331_2","ColTer331_3","JantAD80_1","JantAD80_2","JantAD80_3","PaenAD87_1","PaenAD87_2","PaenAD87_3","PsAD210_1","PsAD210_2","PsAD210_3","SerratiaPRI_1","SerratiaPRI_2","SerratiaPRI_3"
"group","ColTer331","ColTer331","ColTer331","JantAD80","JantAD80","JantAD80","PaenAD87","PaenAD87","PaenAD87","PsAD210","PsAD210","PsAD210","SerratiaPRI","SerratiaPRI","SerratiaPRI"
"157.1/84","1615.01193016803","17349.3755600508","1428.3717414398","0","29755.9547241777","0","196080.93203125","0","1045324.95676595","0","0","0","425438.90039505","0","2967.15676542697"
"169/36","62995.0957315784","105209.842541692","31364.5275231842","106869.097942238","85101.4548872071","83827.0311688296","114830.114538391","132737.975840872","90113.2562411499","160420.60185181","91853.3777020954","222533.037718336","186940.179573164","137972.246517388","35340.0330066858"
"169.1/44","31678.1995406302","69043.3982173679","12790.8177669922","82280.6605436462","103008.528870173","86556.2079513397","43596.0328983561","99951.5991148734","37430.644764407","144626.027034386","155632.109519322","146320.18861271","121770.730802318","131097.34775321","71732.0220716701"
"171/62","24156.6169618267","178196.482056217","2690.21238910723","28624.2853296533","7547.69886996178","4477.32735584734","21866.6079711365","14888.7410782373","5108.13970214844","28390.2512758031","0","4231.88884340185","88457.7666552709","143606.374530975","7598.1642193355"
"173/52","28326.6155354194","40313.5250866516","8975.33948349825","63229.53834299","44245.9126081821","51946.1337246764","45646.2818854614","40692.3319059448","12997.6567859361","106693.839634111","87205.9698531151","87405.4004460033","15528.0126955078","88760.8964773035","30364.4545810809"
"175.1/47","49888.0759062849","96305.8090606655","3005.15248342503","73344.9263135498","46991.2028908897","63347.7593526877","46596.9804345703","42679.2842089556","12483.9218946838","62748.3116493613","96697.4232260555","38509.6856031921","14767.2380181885","59053.1019738819","20044.7463498157"
"177/49","49667.8527814209","508225.401279995","0","118272.179614975","14078.0164472656","24327.5840028306","135878.520425795","62903.814797667","325020.65666687","212491.592761293","136757.762440246","120539.524594285","8939.84964988403","251574.528258604","81546.5722728794"
"179.1/37","4706.69953110718","78811.091202956","43695.9031248965","768518.778430939","337274.696358076","273397.402199793","567308.058071777","453676.714221319","1715427.32352051","1313357.38974381","538732.9325065","649375.163047512","2877929.74203125","878579.041283789","5426.47826060761"
"181/39","931801.471911991","1934423.31693209","1475637.89219455","28441.9873656738","1284020.44896418","2134260.38222465","2230246.43354883","22068.714953125","705575.647083252","2932098.75213964","14217.0830859375","30377.5146223828","5167891.7521875","4410605.62019579","680636.424208734"
"182/33","26761.2397253482","80527.040112023","41545.7139982707","91826.5187646283","46369.5990657301","92208.4220812231","30538.6880767205","165734.826969013","68819.8754206848","127151.550457737","81190.0188622901","22403.087746875","416674.265671631","172223.051958716","34232.0766470635"
"185/62","44684.5107612012","69762.5421688058","4546.2906361192","62854.9771240235","17598.2518220795","41996.9359754771","33414.7309313192","17928.0747639161","80997.6584667331","37108.2050223649","16185.8872708725","14473.871934652","87924.2687565545","44572.3559385717","8639.14258419629"
"186.1/30","12928.3322286196","4638.31222447548","3066.37247683127","409823.01169255","192533.035118745","338784.606612318","70020.1808310981","61976.1467824517","188489.158979492","538628.707941305","762315.825744941","519859.060307829","17548.5923378369","259678.130752159","212819.354948246"
"189/40","25221.2475265476","62610.7358053049","6529.90751845606","20879.0614538086","2549.10550775975","8294.41694352985","121175.145274658","160522.047923411","11371.2248638916","33789.2404050906","24802.4686723016","15554.613323235","180703.852670898","43271.5224313239","10737.1575686343"
"193.1/37","69555.2812600129","30423.646334141","17254.7785144205","117670.290693543","62445.785496535","113763.673673023","67884.673077956","355968.029086143","5751.05366657654","127752.035313279","115965.297090945","16442.7930631836","281253.992726507","149076.232679982","47049.4349687899"
"194.9/35","133219.9475","25103.6889183278","576.521119971527","17242.8943982244","0","6928.84900955693","21496.9203632813","19317.9492776036","50337.3928659083","340074.188801302","8097.34553537797","12412.033084064","73215.7501773031","0","129469.356127832"
"195.1/18","48675.9468376957","0","20131.5052333213","129068.648511686","154040.443625793","180907.62233959","95607.4111198242","139426.453221413","98676.4387394043","161976.304425016","219249.148638831","223023.818568915","54187.506505001","208141.615303063","87246.3260404803"
"197.1/53","7230.03101196289","65746.6369732666","12864.7688007231","111800.794587547","103763.857852609","209257.031590579","17799.2540859375","98354.3736196831","82345.6104614258","165087.401935048","197330.948326588","236745.11603461","50008.2827227809","126352.372742983","47535.5116266865"
"200.1/24","39188.688662974","0","11499.7116446762","429497.28589938","286785.517899103","437167.171453462","50047.4517842285","21448.863307196","112873.293697552","375387.552616851","658187.691251662","354392.983005436","59937.3026990228","200072.504944106","278528.37078551"
"200.2/86","0","0","0","5119.12335980087","14046.8999633789","0","74385.4577400984","0","52359.6065976563","0","0","3051.52155181812","30615.4114876483","0","29087.0292219319"
"201.1/51","26210.0200180889","47574.2764137817","3902.13552800283","26453.4181530755","25481.4692353075","18052.8046256271","49323.0849434428","25239.1782924101","32662.4074124146","43368.1356569879","44359.4587530255","32953.5056347772","55522.9935746765","45387.2635766275","19006.2499665704"
"202.1/24","2160.57140328536","460.217535391462","1549.11109842004","88807.104913376","17677.0637458169","55446.8713996932","112398.280558036","41692.2696744865","260871.688571721","105173.388923458","92473.4498718547","67873.0779162641","173797.276500124","521857.125009798","263645.392641704"
"203.1/41","26149.5460766618","49490.6152206743","2611.5452742114","22196.9853477025","5941.23088308808","14900.0992408496","38979.2372959188","8907.44980915061","10230.9381881058","32240.1255573495","28630.394931966","22922.4247401607","205017.606625976","50431.9223388412","7181.16846264649"
"207.1/38","4970.20715112305","123823.365410506","57207.9396739049","431140.35583617","454939.74868918","646173.283052444","313057.951251856","654394.146795362","129636.257513898","526834.882114083","746508.311522283","789652.403366201","180316.239806665","653822.33535831","195007.175697215"
"208.8/70","23598.6562815453","0","0","353610.819570257","469984.600125683","13153.3091058731","0","0","0","551816.646478486","344216.290010205","232446.75493521","0","366825.229197494","66968.8866231452"
"209/37","434244.980278068","383892.110991211","107428.140930536","740767.523529629","233548.049812844","278146.463209925","800812.707148438","16762.3500585791","718855.178786621","684162.981458077","384462.011579043","525165.603870887","977482.697734374","16161.7448055469","123865.017450964"
"210/44","15599.4811617499","13423.2035809234","820.502785516437","17604.818722669","0","2279.37443677718","14349.4492333984","0","32572.6224170685","14115.0884556935","3510.29595040033","7105.28960957099","14828.7853845215","9552.95815245062","0"
"210.8/56","0","0","0","769311.385235962","386670.939183779","13929.9348167001","22630.6441928045","0","0","501604.71058012","417686.721803906","218330.216654554","0","264846.989580835","56509.7461216178"
"212.8/51","0","0","0","205973.71471663","382101.394338393","9349.77756934483","271529.330372205","0","1496.4129116834","178502.291835229","285505.224243944","118755.815351212","0","122113.641476646","53752.5758627113"
"213.1/54","12335.2036794194","22747.8915613169","11430.8714083564","45011.3822395541","58431.1722479071","95408.5921457987","10186.2875983887","15610.5423643506","12201.0051366406","190338.134821348","301101.78229028","80657.1506700246","35310.415672678","68590.7215351565","42263.1172154099"
"213.1/40","27984.7115104221","647.384762920544","23542.5087818918","84128.4907268878","121613.385164477","263643.164954315","92006.6948074219","139101.353358722","110848.237777793","442616.025262295","566356.764778237","191935.013706657","98534.4072423169","162493.944329571","94990.1192058355"
"215.1/65","41987.4673712494","39151.7738834839","7619.00010999944","71269.7696201869","45064.9946135532","29173.9998878539","25898.2327554484","32419.0404341767","3450.31503738118","48553.7088147178","85318.8015909959","65802.4631470852","35448.0076407617","57884.1196799576","8399.16387110762"
"217/47","14343.8132036133","55179.7709956421","9979.9529124028","4541.49502913095","2700.89881687456","2335.55356940487","45778.5281491252","4530.21902757604","29187.6587681112","8204.18655347079","4079.20243585911","3296.27460005991","69413.3668590328","133896.323129931","4756.15868904442"
"223.1/37","58445.7910144348","64668.2899863443","41867.7453322493","277837.862689427","285918.118705809","441926.203236245","260738.827159937","395153.99703361","73649.2660773054","362106.467020288","448083.058362287","518817.274829773","144318.718998176","431202.314258739","126624.386599164"
"225.1/58","21436.2715054527","31449.3251679565","7958.85735282674","68235.057087976","13383.242578125","66686.0437260447","30068.3443486328","58994.8891877588","65547.5653174316","130204.400809653","84195.7259190828","94287.9358884208","106434.480636515","58616.3113766648","11698.0427359566"
"227.1/38","151433.226554722","87328.167722168","23348.0736544255","343223.808937334","331084.566462845","137409.035550778","43829.4549511719","34845.3082629272","53190.27747227","174967.774257536","160917.704249642","188447.214975384","180548.802282237","180264.276053335","79680.3314597934"
"231.1/33","23763.6424967734","16066.4229507341","2542.714412646","25576.6695495117","9188.91846253909","5673.20890070515","105219.708176953","155958.883122949","43951.7879129448","152571.950298755","249223.05006861","391104.866810158","88544.7027076318","36845.2848021286","6004.92376677058"
"239/65","110087.574458545","37188.7600149214","696.105823316379","25245.7211797982","153270.362088507","147054.505714178","18696.295480957","122160.58570991","13085.8631811523","193404.946384355","276404.16466983","190385.68327494","31089.2498447701","220092.884531906","10275.0914614326"
"241.1/39","273825.922085689","259290.174918119","50016.2164790481","597649.001534767","1109839.48750417","246749.606180518","73447.9189281738","165228.140899966","68706.5433554827","212041.115497852","265473.43784095","14657.2595165625","3685.16984521484","189643.216708945","139429.078759295"
"242.2/33","103293.244940041","268677.089556362","167248.183038942","560980.713034835","14601.0503921509","1059654.67144931","383246.713030669","1144203.99558722","331716.58492839","18990.8952037793","1207435.54768142","1314455.48078254","667570.75108429","1126478.98796966","514656.623121929"
"243.1/37","13858.8425045801","73481.4663700984","11550.5067049254","117442.813254319","126177.261610896","44922.1046805382","80470.9375279175","30864.0111007874","27201.5697973144","115912.398576161","76782.5851440347","67596.2337247972","394677.925151215","28354.7338538574","35466.1028837135"
"244.1/35","113966.001200145","134763.482375663","16344.6912684509","145998.848619436","80657.597865779","89267.8158812349","102971.607286377","35861.3775445769","95931.9451431275","127654.588120984","147932.415817305","86787.7695796074","284050.755896992","218348.000834074","88779.5196100438"
"245.1/48","68707.5411108633","74185.2028071477","14174.5755986439","72078.3013489306","42707.234732216","35529.2760718919","7190.97221783692","25878.223538693","38265.8998962534","68663.4090714007","14209.9770439453","26603.386263326","193009.664257243","98643.0681195781","19898.9768880286"
"253.1/34","863.189001786872","0","0","0","0","7149.08456140873","102970.613239701","0","15928.9373291016","3190.68156743015","2245.47184337443","0","22084.4441235624","3088.85191289482","0"
"253.1/20","2461.43812162627","6689.5228170972","1761.04301390382","10575.7356989081","38536.8820980328","20528.5010893469","6253.44678137207","22676.6181389873","105284.235340897","18283.7447325532","20379.4135430277","31820.7976556714","72496.0571847808","50650.2343829886","39427.9967774187"
"255.1/39","371900.036118616","54618.5421881976","25379.9494655225","111519.981410606","110236.882375753","172946.316651291","107515.490074878","124435.776158884","44475.8393193054","157903.318051977","185208.021459866","200715.068641702","186972.901979644","158466.424681286","56668.5923230732"
"257.1/42","33413.9337566355","37502.4546062174","6392.34618177346","56668.5021659598","170524.091953542","9654.16641943359","7351.84460849609","34535.3644904492","9092.46688637137","64785.2276117792","114948.500720552","80497.8892247155","114993.910532226","68323.7477987185","27464.8338800507"
"259.1/64","58612.5854562717","102233.047893604","6776.35712034651","73416.0235001628","44128.3905066848","28445.1529095415","31402.8449195069","25224.2188639208","0","33528.3742954955","61156.258463786","15244.171012749","44227.3243033055","41224.4300229773","934.038152217399"
"261.1/30","98986.3206552204","221188.490853795","48183.9427291228","788499.237860281","583044.640888693","991951.382047137","254215.844206207","648019.176599287","136966.775960124","865164.738657256","1025485.75200088","1259527.45565438","253551.116890723","764772.056905927","281905.256803644"
"263.1/33","63500.6994868655","99947.1331443435","24321.4818724915","345609.111708239","317177.866741168","385287.300914412","134589.092041553","331305.672868732","25523.0167045542","420282.895170866","441371.267556865","675233.852345746","60518.7576380114","469609.533247396","88434.1224644901"
"265.1/30","221171.532836681","306493.986925223","1032249.47380201","34438.4020333008","1482675.93036057","4160685.7748373","479065.68034856","67697.253984375","2091854.50995599","1573426.37913198","4544023.73394458","1106187.25500669","2839774.85731836","12300698.802785","3253232.99077511"
"266.2/26","833.902845741017","0","602.694166664345","0","2399.88611528138","16231.8939781965","7574.7788006543","0","303627.724281299","3211.83181921765","16988.1468807859","13566.127836396","26829.3420507163","8568.55747290328","9135.51925789565"
"267.1/33","6874.37013818115","17410.7675432824","2324.6146004581","26602.7541855449","17770.3951099989","34945.1153956205","32444.0595209961","62491.6072297003","75530.2013600329","207656.554841554","20210.0120507812","315905.878285383","16021.5693808594","46977.1564396971","17574.8742502648"
"268.8/64","8643.87272792902","0","0","596508.333375326","565712.524705556","0","441589.121850408","0","0","555826.537829346","96156.9797257334","283158.228803888","668.084129927494","442645.239770358","99978.3408932077"
"269.3/26","69901.1449286272","368047.649634487","151874.108739603","774836.702807063","533659.205857318","649797.108820211","60584.4182412815","33645.2965198893","329715.763756775","1072433.65034962","865698.653472174","1469142.96076317","299702.765795884","1629907.05297819","502560.890009267"
"270.1/1","966.531630551355","0","0","0","1035.77460412091","0","82871.6828418823","37870.8659570435","0","2485.39978701777","1778.20939212233","5279.51367333785","0","0","0"
"272.8/52","0","0","0","57631.2546733155","79663.0572361007","1411.49792264455","77168.6478622821","4090.64357694145","8924.43905859375","34662.1397268372","84035.9613722563","32576.8294506334","0","11290.2425990809","10382.8002142857"
"277.2/33","61643.8989568921","52547.5609929548","29141.1728563003","114961.752271028","100789.616520792","164371.822749818","112746.190171252","846588.902895689","51601.9157717494","155901.673773321","201417.853738281","147770.791600571","73452.4902641252","129833.323464227","77253.4772281471"
"279.2/16","53170.4508758559","0","487195.69958337","114384.655555003","103598.759383746","47912.7637871484","56842.8243944133","29665.6594165039","73200.2485436198","141555.019286763","184447.701729374","198586.05462645","199948.1355513","168492.205719357","291225.967479637"
"281.2/72","18241.0996048553","20184.8228955325","10903.3279635338","29198.7250192037","36320.5364406807","51716.0501494887","30525.297991211","17019.1570128125","17503.7887996013","43438.5282598464","60805.5865683045","62471.2625843883","38573.7854610868","36010.0001563777","20568.8097292343"
"283.3/63","857009.741250001","321336.73893019","825023.412805518","749711.402913285","387879.937084377","510836.795836364","78794.3961365072","809461.466679115","79521.4889782841","550731.113226322","979108.757303515","906594.539668666","79791.6659537864","1659706.60270214","397168.909896165"
"285.2/37","19384.8275667675","68335.9464419323","13111.1457755781","242663.193844865","168285.327344018","112277.685784746","13998.4375170899","328528.696550317","43659.3656631208","363827.36029758","252739.801924382","335329.994291876","74724.6598208044","371348.681404448","95846.7391758878"
"286.8/52","0","0","0","44755.6419796509","54489.3741380344","0","78701.8684957032","0","16154.5827848307","9067.98336253439","54029.0535689872","6452.35447676278","0","0","11819.6923331112"
"289.1/67","8390.30092163085","0","0","43948.1060978202","13732.8965798132","24423.0663224235","13364.2932573242","17731.3929082031","0","60035.2025920182","57238.8371399107","82133.7491101573","19318.5617762432","88278.1926286221","5588.49291900638"
"291.2/37","13592.5316671973","25472.8813831968","39390.1553085968","140886.824188113","50509.8441034903","71789.4046253756","15144.7883982617","600953.387783003","5749.10144101919","70176.7718554296","28333.4850085547","35548.1034965918","57983.289680918","33115.6319226172","40352.9666504636"
"297.2/34","123919.330102083","81351.8052229285","124555.040727485","2842717.26710728","947864.136836891","1367072.44184288","33379.4086539701","5043794.36988473","192953.714627441","289782.874672333","11640.5923937256","447031.571307944","262286.53246998","1167517.68627572","255994.657253072"
"305/4","0","0","2045.1180649759","899.420030029563","0","0","10466.9400889868","28181.4061816406","0","2471.86101136495","0","0","1441.59175473661","0","0"
"307.2/38","35081.3109269472","35781.6533716518","12617.5984448242","73887.9364294745","94230.3578855197","74290.7390681963","39113.9337866015","149007.879975438","65801.2059453125","17866.2126916504","148318.884763465","165287.882170144","20447.6308830019","113470.640346224","36985.3157223212"
"309.2/33","25782.1845370313","1275434.53038281","414385.975303799","2099491.26487336","1907804.70502901","2977591.96205002","1114708.21605078","1732511.78471922","1478798.19355469","3362615.46660058","2711596.04452082","4153251.72306329","920631.354031778","3290142.04928934","784307.958277537"
"310.2/30","176901.34961068","253471.847159467","60202.5468458897","316862.976594607","221906.641066048","403123.491882226","186378.791127398","228252.64102007","251677.251497803","417665.996717585","442653.317985046","550281.48498551","136786.055136551","303387.376406387","91062.6778917754"
"311.2/35","5655.15802404378","30906.5783178711","515971.176590981","9165689.20766661","2837645.72574306","3842672.95284092","1237278.91100918","21222.5902587891","767103.689333203","1463820.91557694","1617381.43941733","2341394.30166986","494023.670888672","4357006.05424696","1230055.45193145"
"312.2/28","99293.0195825897","149833.335943697","92110.8050817635","19077.6335255859","495135.039047222","729234.829433105","71954.2629405287","1808127.3361147","149764.402516146","233232.821614121","272906.208132979","373600.53348695","206450.383271695","706081.010169789","331827.70264576"
"313.2/30","135758.747324923","395692.453675947","137833.004458004","499556.638895389","405177.959981434","488177.32506826","257231.429923497","752157.789446175","61112.5504182547","963278.958091691","650932.383883074","1296888.52072535","432666.658709326","1159295.699919","274206.753306093"
"313.3/33","51227.8293700949","341905.797196768","113998.803093137","494466.378279392","331173.819513193","289678.428969048","449705.969052319","568595.214611739","77656.1096954677","663449.868494908","391478.952632161","1031156.10672683","130969.968073279","962630.999659201","166737.061430953"
"315.1/30","236399.578131063","246029.876300358","41572.9816783424","517392.992819438","275070.347920409","303345.461472832","73511.8716685221","21550.6392479148","349097.742750244","23618.255299292","522997.205570371","469983.089387833","1339975.79835066","576122.551922073","344555.519642073"
"323.1/26","12481.6207867432","1103.8783416314","98118.7309557246","15747.3309433594","53183.6254292821","170344.887164289","82335.6056167542","151869.786918989","174042.213784749","21943.7825746155","156559.275498993","17065.6141462207","74767.3659567761","61041.988827276","40374.9916754255"
"325.2/28","456269.481398076","432796.091757813","636253.54388275","25123.1425639844","3632501.73962116","5016336.52578566","52248.0192527086","10972651.3233809","48097.9568904785","1791945.54230769","1900654.63658524","2749002.04513804","1714241.43277027","4608489.2493923","2316106.26886483"
"326.2/21","95985.8947017793","0","146685.287480816","3090892.32429486","1119646.45811465","1338438.47695648","25821.7305715942","2473641.21147413","65537.2280880108","397330.200286122","487850.387286784","559692.356434606","224048.929920936","1350405.93544584","666655.626558319"
"326.8/55","0","0","0","76876.3022196778","109773.31284668","0","140298.928838389","0","16455.4353678385","40584.2890899995","90216.41704694","15272.8563059111","0","10782.1236971275","6959.81869995892"
"327.2/13","28827.1740369014","0","38158.4571619048","485558.244319426","12331.3060744629","188591.344081027","10042.8990380859","308287.653215111","176502.667390918","86334.5866838889","13659.7578344678","132341.551803338","80394.1427821277","218624.597458653","172039.244150303"
"328.8/77","0","0","0","61204.3808069093","77011.7022140416","0","181855.754412347","0","0","128636.711258722","4382.91142091807","30570.3988871806","0","30331.7024657607","8459.2861754406"
"329.2/27","88432.7914982215","4399.3339979358","23683.5894842251","327409.120779694","177176.216993626","225266.08640627","86056.7615250109","243982.243643611","155911.88868976","331457.852115175","296483.954365393","374503.191171974","136544.027675404","345621.403317818","127669.128974367"
"333.1/38","8384.24314306641","113732.36279973","160405.814918306","56540.7269368908","87909.6778334286","83149.1940057091","113592.365525757","117712.008719236","141046.082883301","111591.899231424","117841.374555634","109585.871819315","913510.902167968","574007.537429559","540436.184620026"
"334.3/28","140184.532673065","37176.3512855467","45685.5269426685","72601.6270632884","49137.8135387277","49429.8239000249","101735.598322933","77564.2083254084","155292.831658426","76476.041535601","62222.4343764037","101626.679186849","270888.232642822","555999.902853638","208908.1824338"
"336.2/37","48927.1591699625","48464.4092377396","54321.6724566047","47947.0967343467","39590.8219434036","20923.4509983156","60882.6163130703","56090.3056901395","22547.4432663086","51443.8565011059","34676.3537851231","63551.9792473053","122929.432390789","486032.903370584","18225.9561391748"
"339.2/35","364624.895024121","277270.042233236","285317.275111816","8090517.11510743","2334538.12461048","10954.2809196777","1095188.61367412","21518.5353575781","714254.499364746","979289.826944619","1006156.48937395","1421019.93913953","1250093.98584553","2848622.45008527","87295.977740918"
"341/106","11778.8454174805","3037.64384487954","6717.29493027941","20085.8225947653","1717.09081893647","10419.4547885675","3284.54366473938","27672.2100977236","3842.31579956055","36127.1213077115","14489.0523160651","27352.0743046898","2648.98450426377","26299.388446752","9740.10265849158"
"341.3/30","301563.303223518","1314778.60724109","413144.15785002","34500.2577319336","1106059.62804662","1412756.64077512","691306.353672206","17944.8613835449","87523.3619894409","2892670.84114743","1700646.22274996","4187345.12623161","1107375.21614551","3350519.69814426","652810.258744678"
"343.2/62","17920.0513696289","151717.788309152","112765.174086997","53231.7522739955","44260.6277696917","111629.69851199","46641.8967237396","94833.6949909571","3058.37224163736","181272.942909766","14177.7378255762","181267.454819446","40430.427276001","254502.38986979","27525.7561796875"
"344.2/37","6730.82485396601","3249.05812907964","94331.7763253566","12610.3529746618","45863.3215805069","64351.4867915921","91209.3262519775","102219.010772881","13428.7927675781","58728.3888182323","65569.4197968962","88492.5800618564","0","310398.760823794","117243.655310094"
"345.1/33","6025.09659082031","563473.309722431","44623.8096498052","532353.199765742","305586.317613155","340316.401817965","288251.278277072","350391.00710212","480804.26715332","487677.634436226","454613.021464264","20014.30521854","269433.965088516","497186.112359324","150111.647615612"
"346.2/29","67657.3974486779","99688.8007324162","13789.2497712505","128798.840505797","57944.3994998932","107945.509495746","47763.6704528253","109073.534114957","87097.7221440972","150957.82362025","156757.463341881","175122.98674469","35007.0557184086","158282.835186662","47139.3680548668"
"347.2/25","80564.1353149444","181128.008750727","26182.4353518164","250323.705155134","135369.454579641","207491.708220778","144463.671270999","164039.640578174","150257.78788147","268145.621403297","219668.842675489","321145.311880024","124628.857374216","247254.520032569","76553.9128816915"
"348.2/78","14782.2261596426","0","0","10435.4791577148","11668.347850586","3633.35743113421","0","0","0","17368.5504058935","0","9681.33706220186","0","0","2028.24092315719"
"349.2/30","46331.2502030991","75379.8653515625","18570.8999267578","336216.890559221","102240.357215154","765149.031844667","106988.735166016","896667.556732913","231160.491795986","112039.113195643","40672.0000760257","117583.382662028","217860.852026367","148250.54188687","23781.4199648"
"351.2/49","14951.4035574777","26820.8512572477","34731.9196484685","56880.7666664551","5611.85215993579","36862.0355835732","5064.64005684465","17085.3433374024","4741.04774098389","13865.9068443778","10713.3442081304","19820.0764473749","202544.284597412","53378.37735557","8883.77698293386"
"356.1/41","4109.80758104433","12017.080385251","0","0","5867.34869821146","4210.24819304142","11494.0865927734","3870.39854300441","757.253214297816","130005.183376357","49994.4453208831","82416.7016155273","752535.514609375","87124.2794778546","156633.145670752"
"361.2/26","657004.610202536","167981.511258621","1324968.69826401","21975.3164805908","1748520.16972411","3006839.60595215","1110953.70068645","2662691.03937161","1068213.95061865","2384881.12276154","2906157.61092336","4345614.67058371","343673.540319084","3810691.90079699","614610.378530764"
"362.3/35","1117225.02963676","173042.446338867","356714.819898549","316054.055616928","197545.178903469","155356.261349033","321650.515317847","238280.10880743","87213.6116909397","326153.67476669","236826.339822891","21206.87140625","635451.02559082","3427927.7835273","854896.090940889"
"363.3/42","16307.6246536691","16371.6176018743","16224.6848306507","37126.1489422368","25357.2160690778","37374.0342011352","9459.16130200195","26238.1983842774","68437.1907019043","49393.2188149565","60331.3382635187","44627.3771155598","3857.63681646669","56772.6387513008","7376.91961212158"
"365.2/21","5731.86549700733","0","457.503161979304","10152.6296168016","7281.52004147824","13995.7952709961","10232.6763434088","15970.9656292771","95943.6144667341","0","17806.8423374933","10398.7164353174","10678.683115315","6616.52600509606","0"
"367.2/18","8045.4762582564","554.198436083447","644.488122360577","98004.7014391827","61906.2941204309","98886.788965455","7826.8891078125","52839.4072535051","132820.204754232","45377.4133335389","95821.7762359511","37535.0422903803","16562.1737726508","6599.24919197336","10402.8144186306"
"369.1/53","10915.5565268273","6456.25639746902","0","189467.875975477","116512.122948963","144605.530376628","15428.6743706116","198885.027576931","17919.3203148242","23349.6042838097","117373.992650177","28172.981262207","23283.3555593421","33272.1154303447","17884.7648653211"
"369.3/37","25408.5969113522","58014.5261246419","64923.5326482262","265918.244691125","232173.617480708","229755.344570884","214478.243263953","423786.650709495","52785.9349815124","402286.649891018","304684.528055903","550199.959764296","95399.0240998343","479947.716503347","121477.12081587"
"375.2/39","148058.450144336","718330.26335625","888893.650995374","2130913.95334536","748661.745750725","11889.9509421387","2841652.47505606","1868577.54649204","1007156.26962095","2149139.79682446","14351.0516005664","2641333.46816725","1862108.78478437","3610133.23389816","569881.880636655"
"376.2/30","76927.0267519644","67442.6918968409","151647.214973089","72455.649876409","262540.237961553","361737.405931759","183869.769136788","694226.206234425","214950.245136719","759966.83566664","423489.033130069","1002420.38847138","735454.027237261","847595.028377501","217847.77857405"
"377.2/29","1171952.89933053","3666087.75010608","1915306.59712595","88125.3799365234","2470953.52370292","3178587.63056008","5186428.22387695","123795.695578125","922471.235846875","7095803.29515163","3668382.19528656","10888710.0222138","3370218.44469062","10633376.6094904","2079360.49368651"
"378.2/29","125656.147167886","31318.023600392","257294.007743787","17126.0525427246","433840.995767311","654654.923935706","348423.371739054","1140742.84370585","357203.032766392","1435314.38790774","703990.139781922","1773577.41037524","1283755.14046102","1698649.28889997","423654.016218546"
"389.3/32","792423.763970973","94173.9636486173","1576463.29252372","36026.2087792969","3065439.08266118","16144.0202443897","3060006.75318273","6121956.43239258","1257239.82749389","33466.6920239257","38071.3794129297","8672304.21507842","723786.557900171","6295440.32983179","1014425.45923054"
"390.3/34","84572.035029126","248793.243517106","417957.600435466","1045767.19867543","746899.26597533","1197253.87481001","640387.3278125","1591038.37041125","295596.153389885","1532676.50281386","1068517.48083899","1996366.84803947","56957.6297370538","1031222.13818335","210419.75260458"
"391.2/37","106504.026662813","311601.277833181","238730.39343691","560678.530653185","224486.038306056","265618.500048058","457948.920141943","669669.942270778","208528.749748535","617981.120962034","19186.3553497461","882654.452744052","649706.034185937","937001.806219313","202740.881759075"
"393.3/34","5128.02179649536","16876.5160126574","14719.5468013138","40128.4658990887","36492.6164132282","90576.5668376684","103498.733662805","80882.1276348486","148126.736147461","46741.9804187357","39081.110284114","21108.0508051758","515773.559708075","61766.4216923296","7079.59684155274"
"403.3/39","12076.9265625","5935785.41488437","2471737.29371215","9369876.33958181","2916490.56755919","19167.7248260156","5860139.07644883","7045107.50247192","2685840.84080078","22977.5056989258","21329.8584770508","12715046.4696176","4565341.60795","14263587.1153021","2063634.29113826"
"404.3/43","210963.401347088","1188107.57547214","550544.257733986","1675139.03366293","496213.904094324","471641.131214493","1227032.1561876","1238452.8625006","594812.154853516","1523349.53696847","76031.8955177557","2372919.96280754","978683.91204375","2541038.98826993","336617.237282632"
"405.3/31","2043302.97791902","10315347.0607278","3065359.32391484","181811.821289062","4972249.22084995","18112.9847192969","14858.8455689746","10406100.760386","5516133.53423828","14563327.6465852","8356482.81242459","19623751.4187398","17661674.5268062","17620310.655653","163575.525869219"
"406.3/35","790953.572772503","2359026.93382847","792507.029544959","23635.6835474218","20868.9166748047","1264677.51703644","856507.136341048","3232776.37911049","1209970.82126953","4034408.34657741","1532246.51309083","5596143.34996271","3938151.74879514","5227809.35903778","796259.195924342"
"407.2/58","60371.62640169","103029.638431222","18810.078478151","44708.2007917433","14244.6552880547","58074.3198389672","19402.4825957641","46893.4683634018","237537.36263855","23925.3038010132","42261.439584204","33805.179776675","90130.3262559399","50356.195449797","10383.8180152996"
"419.2/35","318483.851617225","856826.932567405","299387.232512973","1030900.48600659","359751.064695652","457690.420721531","321913.563394846","1068020.6059711","524827.554614258","1307093.81038878","567951.766973395","1891970.86836243","2597851.34020693","1510615.69611472","366406.990420792"
"420.3/39","55569.378626809","176189.008610802","115132.155808431","271017.544167575","95296.145234575","104328.78618808","203472.838844897","55238.3442621094","107466.445276489","273269.31860414","138330.688296402","397169.764221181","337670.665701953","449878.776546221","71157.3006823668"
"421.2/43","61785.1059375001","31662.7107265951","36661.6009686431","92969.337498002","152458.87450085","176573.300448113","98575.2612394043","327354.328799725","87989.6106278185","183429.895718826","241128.703366352","185370.771567106","135928.607284567","131511.094660348","68742.2031457465"
"433.2/41","87396.0833622938","86440.111848622","59122.6269469815","114641.217165867","71130.7669593883","97547.5076335072","122329.16376123","179423.434617564","61738.4007058855","148741.131445715","101582.990174117","186338.35351975","372783.717861944","229353.378695277","78811.07890359"
"433.3/28","35992.793855228","0","104021.161490071","354827.335450396","189840.121282507","230427.325095769","76539.5653847443","320857.826344304","158480.928526849","419356.900249229","266429.115306586","479661.016718363","152100.38296381","517628.551784752","161841.625536227"
"435.2/50","108452.176549479","67852.5433408463","13881.746723894","89701.8309662946","48573.0557510555","36351.8120637188","64210.9695103674","64313.4392998815","986.474878661858","82260.240747571","89150.7282833308","71728.5636094306","306578.432642165","100237.277415939","14974.8655130458"
"443.2/39","50888.2281262207","106742.45611253","3177.90387912339","0","0","4902.76254864617","0","5541.40873290058","636.114436083008","0","3720.19270323068","7315.56705301646","715329.239589843","114425.392007587","0"
"449.2/37","326423.10625","65136.2628464722","98070.8723582625","22170.8414606113","66909.1249258989","62268.2968601622","80404.4568730313","94053.4145250656","76497.5046695186","23329.6319220117","93226.3149213874","87689.2161931615","417565.517000891","490640.857073441","334726.329258353"
"489.3/83","6148.06590429688","0","7964.88573287552","34025.591217871","0","9990.46493701171","0","17248.1000124812","0","0","9882.13905411437","14077.7828045912","0","7501.74440048262","227112.426296642"
"533.4/29","70059.7156011116","86967.0843897095","47829.4592648664","228097.060839494","145813.195765923","205713.218526024","102602.542848804","204293.749453378","112494.592143555","289495.161610593","231389.02416443","356309.692033956","126866.604211359","278801.092924418","80016.5719006131"
"561.5/26","105152.087844113","408258.262460878","73255.4037584692","371520.371496376","235098.655151473","299887.14356483","408717.946337891","332478.871961541","193987.51926642","489417.582702034","374615.851987606","605078.012721356","267341.414851382","475367.595793808","138952.851861266"
"562.5/30","73355.8323558534","79300.7342096819","39439.7747078582","222004.399391357","151334.809491403","167204.439451413","76878.9551694797","187393.363538614","83371.7382029608","280831.880030581","203023.025411498","375589.992076863","121082.726235541","284577.18980324","72350.2423374597"
"597.4/25","36824.7715268394","0","16389.6303407683","237737.134007194","108809.358470374","73526.6644267372","89472.27052508","95615.6957610123","137087.225276235","176673.745096462","121117.947709513","201511.194310096","127787.51231803","215089.373093848","91003.6167135168"
"671.3/34","57382.122347242","40852.9681490417","105759.847062796","263050.643942164","668306.756815284","576635.183276182","296613.540749707","734137.035863288","157192.468733854","752316.012672464","772004.616395173","965808.908857657","284033.268050749","465217.979358751","347462.931671063"
"693.5/29","62379.1997987366","0","1499.57505407277","0","0","0","78260.5973577149","0","414118.097941276","0","0","0","3521.79041579925","20457.7146184863","5722.75423614588"
"694.5/38","93885.2973106904","291539.651364272","75958.3543309594","456137.178224221","265232.92871058","153649.216413476","364289.491226367","504770.251818337","141840.587499316","547048.808072309","245486.984694712","805440.945248206","100980.455792989","522268.174579483","85212.4182714319"
"695.5/26","57431.2701437837","0","31308.1139457993","183647.434879627","118216.084433916","87373.5424641822","150875.749778776","157311.887193333","91987.3552963672","114081.674159537","143679.565151701","286428.986570683","66350.737309808","286304.2502075","51240.8203658085"
"696.5/23","40248.9044418212","33367.943827975","21887.2098657553","146441.834877246","87004.1614352745","52110.0459575943","172377.392294311","162020.141564762","47777.7065165772","116840.606963232","95157.3868233473","260627.04301601","37636.6558751845","235229.555466468","19219.9303434709"
"721.5/29","1592061.93378251","3395043.73779894","1174404.40469563","7781905.38684583","4615134.76483617","3072113.82988259","7409950.50997266","8262676.4682178","1687894.59851813","8529349.03370694","4871113.08100927","13020335.8861486","1966365.84656865","9513620.64791165","1494281.91272759"
"722.5/32","622417.028490573","1510773.6606659","355028.870770528","2372731.44516843","1432958.10901165","1089887.956999","1197756.02165037","2756754.92805186","1442308.21746416","2516834.27500629","1359793.66950206","4350360.77022781","758798.561332228","2802761.12795353","387433.72304543"
"723.5/32","246775.970200676","1140209.12727058","133634.394564226","897706.569622584","551487.69804809","478110.718043997","892343.136636111","1076596.04208997","548460.899627813","870469.557471469","611267.77207573","1681463.97646545","411470.911271081","1144418.09571779","169315.8406272"
"724.5/30","223635.132339909","516443.453876203","172056.522247139","1087258.96237176","644174.303001885","444199.302637741","1067941.20162418","1163529.47614195","509076.663927922","1170405.13409281","650265.354353279","1868109.1119569","254555.908478703","1258291.39389836","202884.413965326"
"749.6/35","1338575.6931549","3846238.35954515","867917.08815714","6684264.85806482","4287213.43076427","2333124.91239629","8622592.17152344","7653519.45339158","2049772.95535714","8352070.93753427","4199124.54895692","11784635.2609344","629214.963938287","8305513.95841701","1359220.98610061"
"750.6/34","508015.8038766","1743517.94192467","222937.488069534","1817405.56114621","1306890.50446022","780152.58507359","2333326.56907969","2418603.34032683","942638.541964286","2302504.35455624","986721.949305415","18315.113377207","623236.21568892","2167546.17778964","279851.420648292"
"751.5/34","553073.581784165","1281187.85919728","334385.845777374","2785982.53683746","1600744.81497308","1092360.14383431","2748928.72324219","2819334.98646496","1727001.74453397","2970430.12366973","1565619.83873042","4727814.3310979","134212.754659424","3076915.2534581","471158.503975347"
"752.6/34","325622.865095915","591012.746684173","220301.659627184","1479827.57542118","894711.072233673","664078.240511031","514141.120548329","1538140.39468328","885786.916242676","1557511.03888774","1027177.19370019","2652819.87489356","257454.155938436","1898879.79880302","289607.745784608"
"753.6/29","41749.123995936","0","17245.6791085016","164194.77365321","100028.166890119","69901.6092614142","91306.5176656331","180672.67465132","113886.121601626","140176.910680077","106398.75812916","290516.241398604","12599.2177380384","216736.361978668","27777.3713154333"
"777.6/34","0","25600.3311902435","6970.52214519857","0","0","0","125590.545126892","0","0","0","0","0","0","0","0"
